courseId,courseName,chapterId,chapterName,lessonId,lessonName,taskId,taskTitle,scenario,pdfUrls,tallyUrls,answerKeyUrl,xp,instructions
course_1,QA/QC,ch_1_01,Foundations of Quality Warfare,les_1_01_01,Entering the Battlefield – QMS Basics & SOP Gap Review,task_1_01_01_1,QMS Compliance Check,"Welcome to your first mission as a Junior Quality Control Analyst at Zenith Pharma Labs!

Your supervisor, Ms. Rhea Patel, Quality Assurance Supervisor, needs you to ensure the lab’s Quality Management System (QMS) is on point. You’ve been tasked with checking if the lab’s batch record-keeping follows the QMS rules outlined in the SOP. Your job is to review the SOP, compare it to a lab observation, and fill out a Compliance Verification Form to confirm if the process is compliant or flag any issues. This keeps the lab’s operations safe and reliable, like a well-coordinated army following its playbook.

CheckList:

1. Review the SOP for batch record-keeping.
2. Compare it to a lab observation to check compliance.
3. Complete the Compliance Verification Form (100–150 words) to report your findings.

Why This Matters:
 Checking QMS compliance ensures every pill is safe and meets standards, protecting patients and avoiding costly mistakes.",https://drive.google.com/file/d/1K0SDr6xPtfcQr_pH3YUCjAMVTI1it8zd/view?usp=sharing,https://tally.so/r/m6Bzeo,https://drive.google.com/file/d/1mFO3hiotOq3pHMEYGQtq--sIUvUq-OjA/view?usp=sharing,10,"Open SOP: Click “Reference Documents” → read Batch Record-Keeping Procedure (requires date, batch number, operator’s initials).
Review Observation: From Reference Documents → note issue: Some batch records missing operator’s initials.
Check Compliance: Compare SOP vs. observation → ask: Is the lab following the rule? What’s the gap?
Open Form: Click “Fillable Document” → Compliance Verification Form.
Complete Form:
Compliance Status: State if compliant or non-compliant.
Observation: Briefly describe the issue.
Recommendation: Suggest one practical fix (100–150 words).
Verify: Ensure findings are clear and solution is realistic.
Check Answer: Click “Answer Portal” → review correct Compliance Verification Form."
course_1,QA/QC,ch_1_01,Foundations of Quality Warfare,les_1_01_02,Control the Arsenal – Document Versioning & Register Mastery,task_1_01_02_1,SOP Gap Review and DCR Submission.,"You are a Junior Quality Control Analyst at Zenith Pharma Labs, reporting to Mr. Vikram Desai, Quality Assurance Lead.
During a routine document audit, you notice that the SOP for sample storage (SOP-QC-002, v1.0) requires samples to be stored at 2–8°C, but the lab’s refrigerator log shows temperatures occasionally reaching 10°C due to a missing maintenance check step. Mr. Desai asks you to propose an update to the SOP using a Document Change Request (DCR) Form to add a daily maintenance check.

Deliverable

Completed Document Change Request (DCR) Form (100–150 words) identifying the SOP gap and proposing the addition of a daily refrigerator maintenance check.",https://drive.google.com/file/d/1y6RVPyWpTB_SD0sskQDxt5S8GbQxM4U4/view?usp=sharing,https://tally.so/r/wbJPeo,https://drive.google.com/file/d/1kt87iFAUiZUiOGBjjk6pkzhtk98MHi2k/view?usp=sharing,10,"Click “Reference Documents” to review SOP-QC-002 and the refrigerator log.
Compare SOP (requires 2–8°C storage, no maintenance step) to the log (shows temperature deviations).
Open “Fillable Document” (DCR Form).
Fill the form: Identify SOP, describe gap (missing maintenance check), propose change (add daily check step), and justify (prevents temperature deviations).
Submit via “Answer Portal.”"
course_1,QA/QC,ch_1_01,Foundations of Quality Warfare,les_1_01_03,Spot the Breach – Deviation Detection & Rapid Reporting,task_1_01_03_1,Detecting and Classifying a Deviation,"You are a Junior Quality Control Analyst at Zenith Pharma Labs, reporting to Ms. Priya Sharma, Quality Assurance Supervisor. During a routine in-process check (IPC) of a tablet batch (Batch No. TAB-2025-047), you notice that the tablet weight recorded by the automated weighing machine is 495 mg, below the SOP-QC-003 requirement of 500 ± 5 mg. After checking, you find the weighing machine was not calibrated before the shift, causing the deviation. Ms. Sharma instructs you to document this using the Deviation and Incident Report Form and propose immediate containment actions.

Deliverable

Completed Deviation and Incident Report Form (100–150 words total across fields) documenting the weight deviation, its cause, and containment actions.",https://drive.google.com/file/d/11Pqhs4bKzotVdEmLs_kL3RpEshaiO4HP/view?usp=sharing,https://tally.so/r/3jVqb9,https://drive.google.com/file/d/1E7UVvyWtPSCLChXVtLDwIOFv95C4h3cj/view?usp=sharing,10,"Click “Reference Documents” to review SOP-QC-003 and IPC Log.
Compare SOP (tablet weight 500 ± 5 mg) to IPC Log (weight 495 mg).
Open “Fillable Document” (Deviation and Incident Report Form).
Fill the form: Describe the deviation (low weight), identify cause (uncalibrated machine), classify severity (Major), and propose containment (quarantine batch, recalibrate machine).
Submit via “Answer Portal.”"
course_1,QA/QC,ch_1_01,Foundations of Quality Warfare,les_1_01_04,Strike Back – Root Cause Analysis & CAPA Drafting,task_1_01_04_1,The Mystery of the Failing Cold Room,"You are a Junior Quality Control Analyst at Zenith Pharma Labs, reporting to Mr. Anil Gupta, Quality Assurance Manager. During a routine dissolution test for tablet batch TAB-2025-049, 3 out of 20 tablets failed to meet the SOP-QC-004 dissolution specification (≥80% dissolution in 30 minutes). Initial investigation points to inconsistent granulation time. Mr. Gupta instructs you to perform a root cause analysis (RCA) using the 5 Whys method and document corrective and preventive actions using the CAPA Command Template.

Deliverable: Completed CAPA Command Template (100–150 words total across descriptive fields) documenting the root cause of the dissolution failure and proposing corrective and preventive actions.",https://drive.google.com/file/d/1lS8dLuDj7nq_pBJ-gJuvkEM6uKwkAt10/view?usp=sharing,https://tally.so/r/mDGOYl,https://drive.google.com/file/d/1XuYqWUXV9iFj_VOmxN5zzPxP-k-wiEBb/view?usp=sharing,10,"Click “Reference Documents” to review SOP-QC-004 and Dissolution Test Log.
Use the 5 Whys method to identify the root cause (start with: tablets failed dissolution test).
Open “Fillable Document” (CAPA Command Template).
Fill the form: Describe the issue, document RCA findings, propose corrective actions (e.g., retrain operators), and preventive actions (e.g., update equipment settings), assign responsibilities, and set deadlines.
Submit via “Answer Portal.”"
course_1,QA/QC,ch_1_01,Foundations of Quality Warfare,les_1_01_05,First Combat Drill – Internal Audit & Document Inspection Simulation,task_1_01_05_1,Internal Audit & Document Inspection at Sunrise Hospital Lab,"You are a Junior Quality Control Analyst at Zenith Pharma Labs, assigned as an internal auditor under Ms. Rhea Patel, QA Manager. During a mock process audit of the sample testing process, you review the Sample Testing Log (LOG-2025-016) against SOP-QC-005 (Sample Testing Procedure, v1.0). You notice that 4 out of 10 test records lack analyst signatures, violating SOP-QC-005’s requirement for signed documentation. Ms. Patel instructs you to document your findings and recommend corrective actions using the Audit & Inspection Form.

Deliverable: 
Completed Audit & Inspection Form (100–150 words total across REMARKS and Others/Additional Observations) documenting audit findings and recommending actions.",https://drive.google.com/file/d/1-oJxjHqSgFMuadS30z0e4X7S2Niym0Pd/view?usp=sharing,https://tally.so/r/mV6BGl,https://drive.google.com/file/d/1KxGNxSxQjpedN8HdvsWo6Yr308ugNea8/view?usp=sharing,10,"Click “Reference Documents” to review SOP-QC-005 and Sample Testing Log.
Compare SOP-QC-005 (requires analyst signatures on all test records) to LOG-2025-016 (4/10 records missing signatures).
Open “Fillable Document” (Audit & Inspection Form).
Fill the form: Check relevant criteria (e.g., Documentation complete and accurate: NO), provide REMARKS (e.g., missing signatures), and recommend actions in Others/Additional Observations (e.g., retrain staff, add checklist).
Submit via “Answer Portal.”"
course_1,QA/QC,ch_1_01,Foundations of Quality Warfare,les_1_01_06,Defend the Lab – OOS/OOT Identification & First-line Investigation,task_1_01_06_1,OOS Identification and First-line Investigation,"You are a Junior Quality Control Analyst at Zenith Pharma Labs, reporting to Ms. Priya Sharma, Quality Assurance Supervisor. During a routine purity test for raw material batch RM-2025-105, the HPLC test result shows a purity of 98.5%, below the SOP-QC-006 specification of ≥99.5%. Initial checks suggest a possible lab error in sample preparation. Ms. Sharma instructs you to document the OOS result and perform a first-line investigation using the Deviation and Incident Report Form, noting immediate actions and initial findings.

Deliverable: Completed Deviation and Incident Report Form (100–150 words total across Incident Description, Immediate Action Taken, Root Cause Analysis, CAPA Details) documenting the OOS result, immediate actions, and initial investigation findings.",https://drive.google.com/file/d/1wTls81wwbIgvuyF200uR2wvTn1RrQ3BB/view?usp=sharing,https://tally.so/r/3jVqb9,https://drive.google.com/file/d/11FmFmPckN-p-Fi83L-9PlpaknjLjnwqC/view?usp=sharing,10,"Click “Reference Documents” to review SOP-QC-006 and HPLC Test Log.
Compare SOP-QC-006 (purity ≥99.5%) to HPLC Test Log (98.5% purity).
Open “Fillable Document” (Deviation and Incident Report Form).
Fill the form: Describe the OOS result, note immediate actions (e.g., quarantine batch, recheck data), provide initial RCA (e.g., possible sample preparation error), propose corrective/preventive actions, and assign responsibilities.
Submit via “Answer Portal.”"
course_1,QA/QC,ch_1_01,Foundations of Quality Warfare,les_1_01_07,Guard the Data – ALCOA+ & Data Integrity Auditing,task_1_01_07_1,ALCOA+ & Data Integrity Auditing,"You are a Junior Quality Control Analyst at Zenith Pharma Labs, assigned as a data integrity auditor under Mr. Vikram Desai, QA Lead. During a mock audit of batch record data for tablet batch TAB-2025-053, you review the Batch Record Log (LOG-2025-020) against SOP-QA-007 (Batch Record Documentation). You notice that 5 out of 10 records have timestamps entered hours after the test, violating SOP-QA-007’s requirement for contemporaneous data entry (ALCOA+ principle). Mr. Desai instructs you to document your findings and recommend improvements using the Compliance Verification Form.

Deliverable: 
Completed Compliance Verification Form (100–150 words total across REMARKS, Deviation Details, Suggested Improvements) documenting the data integrity audit findings and proposed improvements.",https://drive.google.com/file/d/1P739y6U2m9-qzwXOWqGx5nlzXmIM3_Mf/view?usp=sharing,https://tally.so/r/m6Bzeo,https://drive.google.com/file/d/1JQytxpbHV5Nvr3OFjZ1YMdUu-8Tpm8Ow/view?usp=sharing,10,"Click “Reference Documents” to review SOP-QA-007 and Batch Record Log.
Compare SOP-QA-007 (requires contemporaneous timestamps) to LOG-2025-020 (delayed timestamps).
Open “Fillable Document” (Compliance Verification Form).
Fill the form: Check criteria (e.g., Documentation complete and accurate: B - FAIL), provide REMARKS (e.g., delayed timestamps), detail deviation, and suggest improvements (e.g., retrain staff, use electronic logging).
Submit via “Answer Portal.”"
course_1,QA/QC,ch_1_01,Foundations of Quality Warfare,les_1_01_08,Full-Scale Operation – Deviation to CAPA Lifecycle Simulation,task_1_01_08_1,Deviation to CAPA Lifecycle Simulation,"You are a Junior Quality Control Analyst at Zenith Pharma Labs, reporting to Ms. Rhea Patel, QA Manager. During a routine hardness test for tablet batch TAB-2025-055, the result is 3.5 kg, below the SOP-QC-008 specification of 4–6 kg (deviation detected). 

Initial assessment shows major impact on product quality, and RCA reveals a machine malfunction due to overdue maintenance. Ms. Patel instructs you to simulate the full Deviation to CAPA lifecycle using two forms: 

1. Deviation and Incident Report Form for detection, logging, assessment, containment, and RCA.
2. CAPA Command Template for drafting corrective/preventive actions, implementation, verification, and closure. 

This builds a complete, traceable cycle.

Deliverable: 
Two completed forms—Deviation and Incident Report Form (for initial stages) and CAPA Command Template (for CAPA stages)—documenting the full lifecycle from deviation detection to CAPA closure (100–150 words total across descriptive fields per form).",https://drive.google.com/file/d/1jj9qqQzB_q5WOEidKglhzecpc4aIbnmj/view?usp=sharing,https://tally.so/r/3jVqb9 | https://tally.so/r/mDGOYl,https://drive.google.com/file/d/1RmlneEj-uWatsNRfzHI8muWo5itx4aCQ/view?usp=sharing,10,"Click “Reference Documents” to review SOP-QC-008 and Hardness Test Log.
Simulate the initial stages: Log the deviation (hardness 3.5 kg), assess impact (major), contain (quarantine), and perform RCA (5 Whys to root cause).
Open “Fillable Document” (Deviation and Incident Report Form).
Fill the Deviation Form: Describe incident, note immediate actions, provide RCA, propose preliminary CAPA ideas, and set to Open. Submit via “Answer Portal” (this ""closes"" the deviation phase).
Transition to CAPA: Use the Deviation Form's RCA/output as input for detailed CAPA drafting.
Open “Fillable Document” (CAPA Command Template).
Fill the CAPA Template: Reference the deviation ID (DEV-2025-055), draft corrective/preventive actions, assign responsibilities, plan verification, and note closure date. Submit via “Answer Portal”.
Tip: This two-form workflow mimics real QA—deviation for quick response, CAPA for long-term fix. Keep descriptions concise and evidence-based."
course_1,QA/QC,ch_1_01,Foundations of Quality Warfare,les_1_01_09,The War Game – Integrated QA/QC Crisis Assignment,task_1_01_09_1,Integrated QA/QC Crisis Assignment,"You are a Junior Quality Control Analyst at Zenith Pharma Labs, reporting to Mr. Anil Gupta, QA Manager. A crisis erupts: an assay test for Batch TAB-2025-057 shows an OOS result (API content 97.8% vs. ≥99.0% per SOP-QC-009). Simultaneously, an audit uncovers missing training records for two analysts (AK003, VS004) on SOP-QC-009, and an FDA inspection is scheduled tomorrow. Mr. Gupta tasks you with managing the crisis using three forms: Crisis Tracker Dashboard to triage and prioritize issues, Deviation and Incident Report Form to detail the OOS with RCA, and CAPA Command Template to resolve the OOS with corrective/preventive actions.

Deliverable: Three completed forms:

1. Crisis Tracker Dashboard (triage/prioritize OOS and training issues, 100–150 words across descriptives).
2. Deviation and Incident Report Form (OOS detail/RCA, 100–150 words).
3. CAPA Command Template (OOS resolution, 100–150 words).",https://drive.google.com/file/d/1ruYNX4Z-tMs1C36Mp414nh5n_vO_QYzP/view?usp=sharing, https://tally.so/r/mYABqv | https://tally.so/r/3jVqb9 | https://tally.so/r/mDGOYl,https://drive.google.com/file/d/1DVPWaaU2u6JKrJ_7dacXXee33wwWLgVo/view?usp=sharing,10,"Click “Reference Documents” to review SOP-QC-009, Assay Test Log, and Training Record Log.
Triage the crisis: List issues (OOS, missing records), assess risk, prioritize (OOS first).
Open “Fillable Document” (Crisis Tracker Dashboard).
Fill Dashboard: Describe issues, assign risk/priority (OOS: Major/High), note status, link to Deviation IDs. Submit via “Answer Portal” (sets crisis overview).
Focus on OOS (highest priority): Detail deviation and perform RCA.
Open “Fillable Document” (Deviation and Incident Report Form).
Fill Deviation Form: Describe OOS, note containment, RCA (5 Whys), preliminary CAPA. Submit via “Answer Portal”.
Resolve OOS: Use Deviation RCA for CAPA drafting.
Open “Fillable Document” (CAPA Command Template).
Fill CAPA Template: Reference Deviation ID, draft corrective/preventive actions, plan verification/closure. Submit via “Answer Portal”.
Tip: Dashboard is your crisis command center—link IDs across forms for traceability. Prioritize patient safety (OOS) for audit readiness."
,,,,,,,,,,,,,
course_1,,ch_1_02,Hospital Quality Command Protocols,les_1_02_01,Entering the Ward Zone – Hospital QMS Framework & Accreditation Codes,task_1_02_01_1,Ward QMS Compliance Audit,"You are a Junior Quality Control Analyst at Zenith Hospital, reporting to Dr. Meera Nair, Quality Assurance Lead. During a routine ward audit in Ward 3 (General Medicine), you review the Hand Hygiene Compliance Log (LOG-2025-027) against SOP-QA-010 (Hand Hygiene Protocol). 

You find that 6 out of 10 shift logs lack hand hygiene verification entries, violating SOP-QA-010 and NABH Standard AAC.5 (Access to Care and Continuity). Dr. Nair instructs you to document the non-compliance and recommend improvements using the Compliance Verification Form to prepare for an upcoming NABH audit.

Deliverable: 
Completed Compliance Verification Form (100–150 words total across REMARKS, Deviation Details, Suggested Improvements) documenting the ward audit findings and proposed improvements for NABH compliance.",https://drive.google.com/file/d/1Sz3g4chibpJOI18mRlH78C-gfuc26qsb/view?usp=sharing,https://tally.so/r/m6Bzeo,https://drive.google.com/file/d/1KYlll5nEFnTyrXlT_vJUpeQWJdS7ZdoW/view?usp=sharing,10,"Click “Reference Documents” to review SOP-QA-010 and Hand Hygiene Compliance Log.
Compare SOP-QA-010 (requires hand hygiene verification entries per shift) to LOG-2025-027 (missing entries).
Open “Fillable Document” (Compliance Verification Form).
Fill the form: Check criteria (e.g., Documentation complete and accurate: B - FAIL), provide REMARKS (e.g., missing entries), detail deviation, and suggest improvements (e.g., retrain staff, add digital logging).
Submit via “Answer Portal”."
course_1,,ch_1_02,,les_1_02_02,Code Control – SOP Command Chains & Access Authority,task_1_02_02_1,SOP Compliance and Access Authority Audit,"You are a Junior Quality Control Analyst at Zenith Hospital, reporting to Dr. Vikram Desai, QA Lead. During a routine ward audit in Ward 4 (Surgical Unit), you review the SOP Register (REG-2025-002) against SOP-QA-011 (Surgical Instrument Sterilization Protocol). You find that 3 out of 5 SOP copies in use are version 1.0 (expired 01/06/2025), while the current version is 2.0, violating NABH Standard MOM.2 (Management of Medication). Dr. Desai instructs you to document the non-compliance and recommend improvements using the Compliance Verification Form to prepare for an upcoming NABH audit.

Deliverable: 
Completed Compliance Verification Form (100–150 words total across REMARKS, Deviation Details, Suggested Improvements) documenting the SOP compliance audit findings and proposed improvements for NABH adherence.",https://drive.google.com/file/d/1RcJ_GoLC__evWJNRrXejtBKxIo_Si5MJ/view?usp=sharing,https://tally.so/r/m6Bzeo,https://drive.google.com/file/d/1yAlj2pOBvxfmbH5COv1L3ZCHi_pJ1-Jd/view?usp=sharing,10,"Click “Reference Documents” to review SOP-QA-011 and SOP Register.
Compare SOP-QA-011 (version 2.0, effective 01/07/2025) to REG-2025-002 (outdated version 1.0 in use).
Open “Fillable Document” (Compliance Verification Form).
Fill the form: Check criteria (e.g., SOP followed as per latest revision: B - FAIL), provide REMARKS (e.g., outdated SOPs), detail deviation, and suggest improvements (e.g., recall old versions, implement digital SOP library).
Submit via “Answer Portal”."
course_1,,ch_1_02,,les_1_02_03,Vitals Check – Patient Safety Indicators & Risk Flagging,task_1_02_03_1,Patient Safety Indicators and Risk Flagging Audit,"You are a Junior Quality Control Analyst at Zenith Hospital, reporting to Dr. Priya Sharma, QA Supervisor. During a routine audit in Ward 5 (ICU), you review the Catheter Care Log (LOG-2025-029) against SOP-QA-012 (Catheter Care Protocol) to check PSI compliance for Catheter-Associated Urinary Tract Infections (CAUTIs). You find that 4 out of 10 catheter care logs lack nurse verification entries, increasing CAUTI risk and violating NABH Standard IPC.3 (Infection Prevention and Control). Dr. Sharma instructs you to document the findings and recommend improvements using the Audit & Inspection Form to prepare for an upcoming NABH audit.

 Deliverable : 
Completed Audit & Inspection Form (100–150 words total across REMARKS and Others/Additional Observations) documenting the PSI audit findings and proposed improvements for NABH compliance.",https://drive.google.com/file/d/1wzsz668svfia0Iy3-AtfvrEprls__1SG/view?usp=sharing,https://tally.so/r/mV6BGl,https://drive.google.com/file/d/14fB10TY9f1zMSKUnt1uL8M4SSeks3yfs/view?usp=sharing,10,"Click “Reference Documents” to review SOP-QA-012 and Catheter Care Log.
Compare SOP-QA-012 (requires nurse verification entries per shift) to LOG-2025-029 (missing entries).
Open “Fillable Document” (Audit & Inspection Form).
Fill the form: Check criteria (e.g., Documentation complete and accurate: NO), provide REMARKS (e.g., missing verification entries), and recommend improvements in Others/Additional Observations (e.g., retrain nurses, add digital alerts).
Submit via “Answer Portal”."
course_1,,ch_1_02,,les_1_02_04,Contain the Breach – Incident Reporting & Escalation Pathways,task_1_02_04_1,Incident Reporting and Escalation Simulation,"You are a Junior Quality Control Analyst at Zenith Hospital, reporting to Dr. Anil Gupta, QA Manager. During a night shift in Ward 6 (Emergency Department), a nurse reports a medication error: patient PT-2025-112 received 10 mg of a drug instead of 5 mg due to a misread prescription label, classified as a clinical incident. 

Dr. Gupta instructs you to document the incident, classify its severity, and outline initial actions using the Deviation and Incident Report Form, following SOP-QA-013 (Medication Administration Protocol) to ensure NABH Standard MOM.3 (Management of Medication) compliance.

 Deliverable : 
Completed Deviation and Incident Report Form (100–150 words total across Incident Description, Immediate Action Taken, Root Cause Analysis, CAPA Details) documenting the medication error, severity, immediate actions, and preliminary CAPA.",https://drive.google.com/file/d/1qmhtt20J2VQ5syh3h0LmTCn0zivMcras/view?usp=sharing,https://tally.so/r/3jVqb9,https://drive.google.com/file/d/1KeyXyLmb4_quburfCQu9ZaF6NYC9VMqF/view?usp=sharing,10,"Click “Reference Documents” to review SOP-QA-013 and Medication Administration Log.
Compare SOP-QA-013 (requires clear prescription labeling) to LOG-2025-030 (misread label caused error).
Open “Fillable Document” (Deviation and Incident Report Form).
Fill the form: Describe the incident (medication error), classify severity (moderate), note immediate actions (e.g., monitor patient, notify doctor), provide preliminary RCA (e.g., unclear label design), and propose CAPA (e.g., retrain staff, redesign labels).
Submit via “Answer Portal”."
course_1,,ch_1_02,,les_1_02_05,First Hospital Drill – Ward & Facility Compliance Sweep,task_1_02_05_1,Infection Control and Isolation Audit,"You are a Junior Quality Control Analyst at Zenith Hospital, reporting to Dr. Meera Nair, QA Lead. During a routine audit in Ward 7 (Infectious Diseases Unit), you review the Isolation Room Compliance Log (LOG-2025-031) against SOP-QA-014 (Infection Control and Isolation Protocol). You find that 3 out of 5 isolation rooms lack proper signage for contact precautions, violating NABH Standard IPC.3 (Infection Prevention and Control) and increasing HAI risk. Dr. Nair instructs you to document the findings and recommend improvements using the Audit & Inspection Form to prepare for an upcoming NABH audit.

 Deliverable : 
Completed Audit & Inspection Form (100–150 words total across REMARKS and Others/Additional Observations) documenting the IPC audit findings and proposed improvements for NABH compliance.",https://drive.google.com/file/d/1NCZgT_8h_5YojzRF-zeVX4-4s1Iq1qul/view?usp=sharing,https://tally.so/r/mV6BGl,https://drive.google.com/file/d/1U2IrYIN_stpUAjGa6ouLT_pKcEQjS70M/view?usp=sharing,10,"Click “Reference Documents” to review SOP-QA-014 and Isolation Room Compliance Log.
Compare SOP-QA-014 (requires contact precaution signage) to LOG-2025-031 (missing signage).
Open “Fillable Document” (Audit & Inspection Form).
Fill the form: Check criteria (e.g., Safety protocols followed: NO), provide REMARKS (e.g., missing signage), and recommend improvements in Others/Additional Observations (e.g., install signage, retrain staff).
Submit via “Answer Portal”."
course_1,,ch_1_02,,les_1_02_06,Biohazard Defense – Infection Control Protocols & Isolation Measures,task_1_02_06_1,EMR/EHR Data Integrity and Access Log Audit,"You are a Junior Quality Control Analyst at Zenith Hospital, reporting to Dr. Priya Sharma, QA Supervisor. During a routine EMR audit in Ward 8 (Cardiology Unit), you review the EMR Access Log (LOG-2025-032) against SOP-QA-015 (EMR Data Management Protocol). 

You find that 4 out of 10 patient record entries have delayed timestamps (entered 2–3 hours after patient interaction), violating SOP-QA-015’s ALCOA+ Contemporaneous principle and NABH Standard HIC.2 (Hospital Infection Control). 

Dr. Sharma instructs you to document the findings and recommend improvements using the Compliance Verification Form to prepare for an upcoming NABH audit.

Deliverable :
Completed Compliance Verification Form (100–150 words total across REMARKS, Deviation Details, Suggested Improvements) documenting the EMR data integrity audit findings and proposed improvements for NABH compliance.",https://drive.google.com/file/d/1xwt6RMBks6RCIJbPsmYwZKHeuCN1kqAI/view?usp=sharing,https://tally.so/r/m6Bzeo,https://drive.google.com/file/d/1s5xvidtTV_fTxU2C1-uarMw_HHQv0J5B/view?usp=sharing,10,"Click “Reference Documents” to review SOP-QA-015 and EMR Access Log.
Compare SOP-QA-015 (requires contemporaneous EMR entries) to LOG-2025-032 (delayed timestamps).
Open “Fillable Document” (Compliance Verification Form).
Fill the form: Check criteria (e.g., Documentation complete and accurate: B - FAIL), provide REMARKS (e.g., delayed timestamps), detail deviation, and suggest improvements (e.g., retrain staff, implement real-time alerts).
Submit via “Answer Portal”."
course_1,,ch_1_02,,les_1_02_07,Guard the Records – EMR/EHR Data Integrity & Access Logs,task_1_02_07_1,Ward & Facility Compliance Sweep,"You are a Junior Quality Control Analyst at Zenith Hospital, reporting to Dr. Anil Gupta, QA Manager. During a routine compliance sweep in Ward 9 (Orthopedic Unit), you review the Disinfection Compliance Log (LOG-2025-033) against SOP-QA-016 (Ward Hygiene and Disinfection Protocol). 

You find that 5 out of 10 daily disinfection logs lack staff signatures, classified as a major non-compliance issue violating NABH Standard HIC.3 (Hospital Infection Control). Dr. Gupta instructs you to document the findings and recommend improvements using the Audit & Inspection Form to prepare for an upcoming NABH audit.

Deliverable :
Completed Audit & Inspection Form (100–150 words total across REMARKS and Others/Additional Observations) documenting the compliance sweep findings and proposed improvements for NABH compliance.",https://drive.google.com/file/d/1XYrJRzUW0SnFBM3qRNqjBwbjIxBjcP19/view?usp=sharing,https://tally.so/r/mV6BGl,https://drive.google.com/file/d/1TrFK-TDJNdMDE4BqDvPxncuhg25xqYhk/view?usp=sharing,10,"Click “Reference Documents” to review SOP-QA-016 and Disinfection Compliance Log.
Compare SOP-QA-016 (requires signed disinfection logs per shift) to LOG-2025-033 (missing signatures).
Open “Fillable Document” (Audit & Inspection Form).
Fill the form: Check criteria (e.g., Documentation complete and accurate: NO), provide REMARKS (e.g., missing signatures), and recommend improvements in Others/Additional Observations (e.g., retrain staff, add digital logging).
Submit via “Answer Portal”."
course_1,,ch_1_02,,les_1_02_08,Emergency Response Simulation – From Alarm to Action,task_1_02_08_1,Emergency Response Simulation,"You are a Junior Quality Control Analyst at Zenith Hospital, reporting to Dr. Meera Nair, QA Lead. During a night shift in Ward 10 (Pathology Lab), a biohazard spill (chemical reagent) occurs due to a broken container during transport, classified as a high-severity incident. 

Dr. Nair instructs you to document the incident, classify its severity, and outline initial actions using the Deviation and Incident Report Form, following SOP-QA-017 (Biohazard Spill Response Protocol) to ensure compliance with NABH Standard FMS.4 (Facility Management and Safety).

Deliverable :
Completed Deviation and Incident Report Form (100–150 words total across Incident Description, Immediate Action Taken, Root Cause Analysis, CAPA Details) documenting the biohazard spill, severity, immediate actions, and preliminary CAPA.",https://drive.google.com/file/d/18hDngVtD1yjQ9Z_SoMiZaVFnwN13arzA/view?usp=sharing,https://tally.so/r/3jVqb9,https://drive.google.com/file/d/1py-8b79Qitl36u9Th1Polr11cvqMDiAP/view?usp=sharing,10,"Click “Reference Documents” to review SOP-QA-017 and Biohazard Spill Log.
Compare SOP-QA-017 (requires immediate containment and reporting) to LOG-2025-034 (spill details).
Open “Fillable Document” (Deviation and Incident Report Form).
Fill the form: Describe the incident (biohazard spill), classify severity (high), note immediate actions (e.g., isolate area, deploy PPE), provide preliminary RCA (e.g., faulty container), and propose CAPA (e.g., replace containers, retrain staff).
Submit via “Answer Portal”"
course_1,,ch_1_02,,les_1_02_09,The Grand Ward Game – Multi-Department QA/QC Coordination Challenge,task_1_02_09_1,Multi-Department QA/QC Coordination Challenge,"You are a Junior Quality Control Analyst at Zenith Hospital, reporting to Dr. Anil Gupta, QA Manager. During a multi-department QA sweep, you identify two issues: (1) a Pharmacy dispensing error (wrong medication label for Batch MED-2025-101, risking ward errors) and (2) missing ICU hand hygiene logs (4/10 entries incomplete). 

Dr. Gupta instructs you to use the Crisis Tracker Dashboard to map and prioritize these issues, then the Deviation and Incident Report Form to detail the highest-priority issue (Pharmacy error) with RCA, ensuring NABH Standard COP.7 (Care of Patient) compliance.

Deliverable : 
Two completed forms:

1. Crisis Tracker Dashboard (100–150 words across Issue Description, Containment Action Taken, Additional Comments) to map and prioritize issues.
2. Deviation and Incident Report Form (100–150 words across Incident Description, Immediate Action Taken, Root Cause Analysis, CAPA Details) for the Pharmacy error.",https://drive.google.com/file/d/1nwk4AWRmAQbWIhxlQ5T3urlD4P_B3oBR/view?usp=sharing,https://tally.so/r/mYABqv | https://tally.so/r/3jVqb9,https://drive.google.com/file/d/11_yUF3-aZszRGV_j4taQsq90I-1s-Ce7/view?usp=sharing,10,"Click “Reference Documents” to review SOP-PH-001, SOP-QA-012, Pharmacy Dispensing Log, and Hand Hygiene Compliance Log.
Map issues: List Pharmacy error and ICU log issues, prioritize Pharmacy (higher risk).
Open “Fillable Document” (Crisis Tracker Dashboard).
Fill Dashboard: Describe issues, assign priorities (Pharmacy: High), note containment, link to Deviation IDs. Submit via “Answer Portal”.
Detail priority issue (Pharmacy error): Use Dashboard output for RCA.
Open “Fillable Document” (Deviation and Incident Report Form).
Fill Deviation Form: Describe Pharmacy error, note immediate actions, perform RCA (5 Whys), propose preliminary CAPA. Submit via “Answer Portal”.
Tip: Prioritize Pharmacy issue for patient safety; link IDs across forms for traceability."
course_1,,ch_1_02,,les_1_02_10,Command Debrief – Findings Review & Strategy Redesign,task_1_02_10_1,Full-Facility Compliance Debrief Simulation,"You are a Junior Quality Control Analyst at Zenith Hospital, reporting to Dr. Vikram Desai, QA Lead. During a full-facility audit debrief, you review two findings from Ward 5 (ICU) and Ward 9 (Orthopedic Unit): (1) a 3-minute oxygen supply interruption due to a faulty regulator (critical, risking patient safety), and (2) incomplete training records for SOP-QA-016 (4/10 entries missing). 

Dr. Desai instructs you to use the Crisis Tracker Dashboard to consolidate and prioritize these findings, then the CAPA Command Template to detail corrective/preventive actions for the oxygen issue, ensuring NABH Standard CQI.3 (Continuous Quality Improvement) compliance.

Deliverable : 
Two completed forms:

1. Crisis Tracker Dashboard (100–150 words across Issue Description, Containment Action Taken, Additional Comments) to consolidate and prioritize findings.
2. CAPA Command Template (100–150 words across Corrective Actions, Preventive Actions, Verification of Effectiveness, Additional Comments) for the oxygen issue.",https://drive.google.com/file/d/1gz1mwQnqatonQgca6UFpEAIpg58eYCqx/view?usp=sharing,https://tally.so/r/mYABqv | https://tally.so/r/mDGOYl ,https://drive.google.com/file/d/1pn2MquNMI-i43eKaHoHi_XJHkzbHik0p/view?usp=sharing,10,"Click “Reference Documents” to review SOP-QA-019, SOP-QA-020, Oxygen Supply Log, and Training Record Log.
Consolidate findings: List oxygen interruption and training record issues, prioritize oxygen (critical risk).
Open “Fillable Document” (Crisis Tracker Dashboard).
Fill Dashboard: Describe issues, assign priorities (oxygen: High), note containment, link to Deviation IDs. Submit via “Answer Portal”.
Detail priority issue (oxygen interruption): Use Dashboard output for CAPA planning.
Open “Fillable Document” (CAPA Command Template).
Fill CAPA Template: Reference oxygen issue Deviation ID, perform RCA, propose corrective/preventive actions, plan verification. Submit via “Answer Portal”.
Tip: Prioritize oxygen issue for patient safety; link IDs for traceability."
,,,,,,,,,,,,,
course_1,,ch_1_03,Pharma GMP Compliance Playbook,les_1_03_01,"Blueprint of GMP – Principles, History & Core Requirements",task_1_03_01_1,GMP Compliance Audit Simulation,"You are a Junior Quality Control Analyst at Zenith Pharma Labs, reporting to Dr. Priya Sharma, QA Manager. During a routine GMP audit in the Tablet Manufacturing Unit, you review the Batch Production Record (BPR-2025-045) against SOP-QA-022 (GMP Batch Documentation Protocol). You find that 4 out of 10 batch records lack operator signatures, violating GMP 21 CFR Part 211.186 (Master Production and Control Records) and risking audit failure. Dr. Sharma instructs you to document the findings and recommend improvements using the Compliance Verification Form to prepare for an upcoming USFDA audit.

Deliverable: 
Completed Compliance Verification Form (100–150 words total across REMARKS, Deviation Details, Suggested Improvements) documenting the GMP audit findings and proposed improvements for compliance.",,,,10,
course_1,,ch_1_03,,les_1_03_02,Facility Fortress – Cleanroom Classifications & Environmental Controls,task_1_03_02_1,Cleanroom Compliance Audit Simulation,,,,,10,
course_1,,ch_1_03,,les_1_03_03,"Personnel in Command – Gowning, Hygiene & Cross-Contamination Barriers",task_1_03_03_1,Gowning and Hygiene Compliance Audit Simulation,,,,,10,
course_1,,ch_1_03,,les_1_03_04,"Documented Truth – Batch Records, Logbooks & Controlled Documentation",task_1_03_04_1,GMP Documentation Audit Simulation,,,,,10,
course_1,,ch_1_03,,les_1_03_05,"Raw Material Gatekeeping – Sampling, Storage & Supplier Qualification",task_1_03_05_1,Raw Material Compliance Audit Simulation,,,,,10,
course_1,,ch_1_03,,les_1_03_06,"Line of Defense – Equipment Validation, Cleaning & Maintenance Cycles",task_1_03_06_1,,,,,,10,
course_1,,ch_1_03,,les_1_03_07,The Critical Path – Process Validation & Change Control Systems,task_1_03_07_1,,,,,,10,
course_1,,ch_1_03,,les_1_03_08,Quality on the Floor – In-Process Controls & Batch Release Protocols,task_1_03_08_1,,,,,,10,
course_1,,ch_1_03,,les_1_03_09,"Regulatory Battlefield – WHO, USFDA, EU vs Indian GMP Codes",task_1_03_09_1,,,,,,10,
course_1,,ch_1_03,,les_1_03_10,GMP War Game – Full-Scale Production Floor Compliance Simulation,task_1_03_10_1,,,,,,10,
,,,,,,,,,,,,,
course_1,,ch_1_04,SOP Authoring and Validation Systems,les_1_04_01,"The SOP Arsenal – Structure, Scope & Regulatory Mandates",task_1_04_01_1,,,,,,10,
course_1,,ch_1_04,,les_1_04_02,"Writing That Commands – Clarity, Precision & Zero-Ambiguity Rules",task_1_04_02_1,,,,,,10,
course_1,,ch_1_04,,les_1_04_03,"Controlled Evolution – Version Control, Review Cycles & Change Logs",task_1_04_03_1,,,,,,10,
course_1,,ch_1_04,,les_1_04_04,"Validation Warfare – IQ, OQ, PQ & System Qualification Essentials",task_1_04_04_1,,,,,,10,
course_1,,ch_1_04,,les_1_04_05,"Critical Protocols – Cleaning, Equipment & Safety SOPs in Action",task_1_04_05_1,,,,,,10,
course_1,,ch_1_04,,les_1_04_06,"Human Factor – Training, Compliance Tracking & Competency Records",task_1_04_06_1,,,,,,10,
course_1,,ch_1_04,,les_1_04_07,Gaps & Breaches – SOP Deviation Handling & Escalation Models,task_1_04_07_1,,,,,,10,
course_1,,ch_1_04,,les_1_04_08,"Digital Command – eSOP Systems, Access Hierarchies & 21 CFR Part 11",task_1_04_08_1,,,,,,10,
course_1,,ch_1_04,,les_1_04_09,Audit Crossfire – SOP Review Under Regulatory Inspection Pressure,task_1_04_09_1,,,,,,10,
course_1,,ch_1_04,,les_1_04_10,The Validation Gauntlet – Full-Scale SOP Creation & Enforcement Drill,task_1_04_10_1,,,,,,10,
,,,,,,,,,,,,,
course_1,,ch_1_05,Deviation Tracking and Root Cause Engines,les_1_05_01,Breach Point – Types of Deviations & First-Response Protocols,task_1_05_01_1,,,,,,10,
course_1,,ch_1_05,,les_1_05_02,Rapid Fire – Immediate Containment & Impact Assessment Tactics,task_1_05_02_1,,,,,,10,
course_1,,ch_1_05,,les_1_05_03,"Data Drill – Deviation Registers, Logs & Trending Analysis",task_1_05_03_1,,,,,,10,
course_1,,ch_1_05,,les_1_05_04,"Mapping the Chaos – Fishbone, 5 Whys & Fault Tree Tools",task_1_05_04_1,,,,,,10,
course_1,,ch_1_05,,les_1_05_05,Root Cause Warfare – From Symptom to True Origin,task_1_05_05_1,,,,,,10,
course_1,,ch_1_05,,les_1_05_06,Crossfire Controls – Human Error vs Systemic Failure Distinction,task_1_05_06_1,,,,,,10,
course_1,,ch_1_05,,les_1_05_07,"Evidence Arsenal – Documentation, Witness Reports & Proof Trails",task_1_05_07_1,,,,,,10,
course_1,,ch_1_05,,les_1_05_08,"The Escalation Ladder – Minor, Major, Critical Deviation Handling",task_1_05_08_1,,,,,,10,
course_1,,ch_1_05,,les_1_05_09,Simulation Siege – End-to-End Deviation Case Battle,task_1_05_09_1,,,,,,10,
course_1,,ch_1_05,,les_1_05_10,Mentor Command – Root Cause Defense & Live Feedback (Mentorship),task_1_05_10_1,,,,,,10,
,,,,,,,,,,,,,
course_1,,ch_1_06,AI-Augmented CAPA & Escalation Tactics,les_1_06_01,CAPA Command – Core Concepts & Regulatory Expectations,task_1_06_01_1,,,,,,10,
course_1,,ch_1_06,,les_1_06_02,From Firefight to Framework – CAPA Lifecycle Stages Explained,task_1_06_02_1,,,,,,10,
course_1,,ch_1_06,,les_1_06_03,AI at the Frontline – Machine Learning for Deviation Pattern Detection,task_1_06_03_1,,,,,,10,
course_1,,ch_1_06,,les_1_06_04,"Smart Triggers – Automated Alerts, Dashboards & Risk Prioritization",task_1_06_04_1,,,,,,10,
course_1,,ch_1_06,,les_1_06_05,Escalation Pathways – Local vs Global CAPA Decision Chains,task_1_06_05_1,,,,,,10,
course_1,,ch_1_06,,les_1_06_06,Precision Counterstrikes – Corrective vs Preventive Action Differentiation,task_1_06_06_1,,,,,,10,
course_1,,ch_1_06,,les_1_06_07,Evidence Intelligence – AI-Supported Root Cause Verification,task_1_06_07_1,,,,,,10,
course_1,,ch_1_06,,les_1_06_08,"System Defense – Integrating CAPA with QMS, LIMS & eTMF Platforms",task_1_06_08_1,,,,,,10,
course_1,,ch_1_06,,les_1_06_09,Audit Heat – CAPA Case Studies Under FDA/WHO Inspection Pressure,task_1_06_09_1,,,,,,10,
course_1,,ch_1_06,,les_1_06_10,The CAPA War Room – AI-Simulated Escalation & Full CAPA Closure Drill,task_1_06_10_1,,,,,,10,
,,,,,,,,,,,,,
course_1,,ch_1_07,"QC Instrumentation, Calibration & Wet Lab Checks",les_1_07_01,The QC Arsenal – Core Instruments & Lab Infrastructure Mastery,task_1_07_01_1,,,,,,10,
course_1,,ch_1_07,,les_1_07_02,"Calibration Warfare – Principles, Schedules & Tolerance Limits",task_1_07_02_1,,,,,,10,
course_1,,ch_1_07,,les_1_07_03,"Weapons Check – Balances, pH Meters & Pipette Accuracy Control",task_1_07_03_1,,,,,,10,
course_1,,ch_1_07,,les_1_07_04,"Spectral Command – UV-Vis, IR & HPLC Basics for QC Ops",task_1_07_04_1,,,,,,10,
course_1,,ch_1_07,,les_1_07_05,Chromatography Frontline – HPLC/GC System Suitability & Validation,task_1_07_05_1,,,,,,10,
course_1,,ch_1_07,,les_1_07_06,"Microbial Patrol – Sterility, Endotoxin & Environmental Monitoring Tools",task_1_07_06_1,,,,,,10,
course_1,,ch_1_07,,les_1_07_07,"Wet Lab Combat – Titrations, Dissolution & Stability Testing in Practice",task_1_07_07_1,,,,,,10,
course_1,,ch_1_07,,les_1_07_08,Break the System – Handling Out-of-Calibration & OOT Data,task_1_07_08_1,,,,,,10,
course_1,,ch_1_07,,les_1_07_09,"The QC Audit Zone – Equipment Logs, Calibration Certificates & Compliance",task_1_07_09_1,,,,,,10,
course_1,,ch_1_07,,les_1_07_10,The Ultimate Lab Drill – Full-Scale QC Instrumentation & Wet Lab Simulation,task_1_07_10_1,,,,,,10,
,,,,,,,,,,,,,
course_1,,ch_1_08,Digital Documentation & Audit Readiness,les_1_08_01,"Digital Battlefield – eQMS, eTMF & LIMS Foundations",task_1_08_01_1,,,,,,10,
course_1,,ch_1_08,,les_1_08_02,Data Armor – ALCOA+ in Digital Records & Part 11 Compliance,task_1_08_02_1,,,,,,10,
course_1,,ch_1_08,,les_1_08_03,"Chain of Truth – Metadata, Audit Trails & System Logs",task_1_08_03_1,,,,,,10,
course_1,,ch_1_08,,les_1_08_04,"Secure the Vault – Access Control, Authentication & Cybersecurity in QA",task_1_08_04_1,,,,,,10,
course_1,,ch_1_08,,les_1_08_05,Real-Time Intel – Electronic Batch Records & Live Data Monitoring,task_1_08_05_1,,,,,,10,
course_1,,ch_1_08,,les_1_08_06,"Document Crossfire – Versioning, Archiving & Retrieval in Digital Systems",task_1_08_06_1,,,,,,10,
course_1,,ch_1_08,,les_1_08_07,"Audit Shockwaves – Regulatory Expectations for eDocs (FDA, EMA, WHO)",task_1_08_07_1,,,,,,10,
course_1,,ch_1_08,,les_1_08_08,Inspection Readiness – Mock Digital Audits & Surprise Drill Tactics,task_1_08_08_1,,,,,,10,
course_1,,ch_1_08,,les_1_08_09,The Paperless War Game – Transitioning from Paper to Digital QA/QC,task_1_08_09_1,,,,,,10,
course_1,,ch_1_08,,les_1_08_10,Digital Siege Simulation – Full-Scale Audit in a Virtual QMS Environment,task_1_08_10_1,,,,,,10,
,,,,,,,,,,,,,
course_1,,ch_1_09,"Regulatory Simulations: FDA, WHO, NABH, ISO",les_1_09_01,Regulatory Battlefield – Global vs Local Quality Standards Overview,task_1_09_01_1,,,,,,10,
course_1,,ch_1_09,,les_1_09_02,"FDA Frontline – 21 CFR Parts 210, 211 & Inspection Focus Points",task_1_09_02_1,,,,,,10,
course_1,,ch_1_09,,les_1_09_03,"WHO Watchtower – GMP, GCP & Global Prequalification Standards",task_1_09_03_1,,,,,,10,
course_1,,ch_1_09,,les_1_09_04,"ISO Arsenal – ISO 9001, 13485 & Risk-Based Quality Systems",task_1_09_04_1,,,,,,10,
course_1,,ch_1_09,,les_1_09_05,NABH Command – Hospital Accreditation Standards & Compliance Protocols,task_1_09_05_1,,,,,,10,
course_1,,ch_1_09,,les_1_09_06,"Regulatory Crossfire – Gap Analysis Across FDA, WHO, ISO, NABH",task_1_09_06_1,,,,,,10,
course_1,,ch_1_09,,les_1_09_07,Survival Drills – Mock FDA Audit with CAPA Response,task_1_09_07_1,,,,,,10,
course_1,,ch_1_09,,les_1_09_08,Hospital Heat – NABH Inspection Simulation & Corrective Actions,task_1_09_08_1,,,,,,10,
course_1,,ch_1_09,,les_1_09_09,Multi-Front Combat – Parallel Audit Simulation (FDA + NABH + ISO),task_1_09_09_1,,,,,,10,
course_1,,ch_1_09,,les_1_09_10,"Mentor War Council – Oral Defense, Regulatory Simulation Feedback (Mentorship)",task_1_09_10_1,,,,,,10,
,,,,,,,,,,,,,
course_1,,ch_1_10,Internal Audit Drills and Inspection Survival,les_1_10_01,Audit Arsenal – Internal Audit Mastery & SOP Playbook,task_1_10_01_1,,,,,,10,
course_1,,ch_1_10,,les_1_10_02,Audit Triggers – Risk-Based Planning & Pre-Audit Prep,task_1_10_02_1,,,,,,10,
course_1,,ch_1_10,,les_1_10_03,"Audit Evidence – Document Tracing, Data Integrity & Records Mastery",task_1_10_03_1,,,,,,10,
course_1,,ch_1_10,,les_1_10_04,Interview Shield – Staff Q&A Handling Under Pressure,task_1_10_04_1,,,,,,10,
course_1,,ch_1_10,,les_1_10_05,Simulation 1 – Mock Internal Audit of Pharma Manufacturing Line,task_1_10_05_1,,,,,,10,
course_1,,ch_1_10,,les_1_10_06,"Hospital Audit Core – Patient Records, Pharmacy & ICU Quality Checks",task_1_10_06_1,,,,,,10,
course_1,,ch_1_10,,les_1_10_07,"Digital Audits – eTMF, CTMS & Audit Trails in Electronic Systems",task_1_10_07_1,,,,,,10,
course_1,,ch_1_10,,les_1_10_08,Simulation 2 – Surprise Hospital Internal Audit with Red Flag Detection,task_1_10_08_1,,,,,,10,
course_1,,ch_1_10,,les_1_10_09,Survival Drill – Crisis Management During a Failing Audit Scenario,task_1_10_09_1,,,,,,10,
course_1,,ch_1_10,,les_1_10_10,"Mentor Tribunal – Full Audit Review, Feedback & Re-Audit Defense",task_1_10_10_1,,,,,,10,
,,,,,,,,,,,,,
course_1,,ch_1_11,Smart Quality Systems & Predictive Analytics,les_1_11_01,CAPA Command – Foundations of Corrective & Preventive Action,task_1_11_01_1,,,,,,10,
course_1,,ch_1_11,,les_1_11_02,"Root Cause Warfare – Fishbone, 5 Whys & Advanced RCA Tools",task_1_11_02_1,,,,,,10,
course_1,,ch_1_11,,les_1_11_03,CAPA Documentation – Industry-Grade Templates & Compliance Writing,task_1_11_03_1,,,,,,10,
course_1,,ch_1_11,,les_1_11_04,"Risk Radar – FMEA, HACCP & Pharma/Hospital Risk Matrices",task_1_11_04_1,,,,,,10,
course_1,,ch_1_11,,les_1_11_05,Simulation 1 – Root Cause Analysis & CAPA Drafting for a Pharma Deviation,task_1_11_05_1,,,,,,10,
course_1,,ch_1_11,,les_1_11_06,Hospital CAPA Combat – Handling Sentinel Events & Near-Misses,task_1_11_06_1,,,,,,10,
course_1,,ch_1_11,,les_1_11_07,"CAPA Systems – Digital CAPA, TrackWise & AI-Powered Risk Prediction",task_1_11_07_1,,,,,,10,
course_1,,ch_1_11,,les_1_11_08,Simulation 2 – End-to-End CAPA Lifecycle Execution (Pharma + Hospital),task_1_11_08_1,,,,,,10,
course_1,,ch_1_11,,les_1_11_09,Audit-Ready CAPA – How Inspectors Grill CAPA & Risk Logs,task_1_11_09_1,,,,,,10,
course_1,,ch_1_11,,les_1_11_10,"Mentor Tribunal – CAPA Review, Feedback & Risk Defense Drill",task_1_11_10_1,,,,,,10,
,,,,,,,,,,,,,
course_1,,ch_1_12,Full-Scale QA/QC Simulation Project,les_1_12_01,"Global QA/QC Landscape – FDA, EMA, WHO, NABH, ISO & Beyond",task_1_12_01_1,,,,,,10,
course_1,,ch_1_12,,les_1_12_02,"Pharma Regulatory Codes – GMP, GLP, GCP Deep Dive",task_1_12_02_1,,,,,,10,
course_1,,ch_1_12,,les_1_12_03,"Hospital Accreditation Standards – NABH, JCI & Global Best Practices",task_1_12_03_1,,,,,,10,
course_1,,ch_1_12,,les_1_12_04,Data Integrity & 21 CFR Part 11 – The Digital Compliance Battlefield,task_1_12_04_1,,,,,,10,
course_1,,ch_1_12,,les_1_12_05,Simulation 1 – Regulatory Mock Inspection (FDA Style for Pharma),task_1_12_05_1,,,,,,10,
course_1,,ch_1_12,,les_1_12_06,Simulation 2 – Hospital Accreditation Audit Drill (NABH/JCI),task_1_12_06_1,,,,,,10,
course_1,,ch_1_12,,les_1_12_07,"International QA/QC Trends – AI, Automation & Smart Quality Systems",task_1_12_07_1,,,,,,10,
course_1,,ch_1_12,,les_1_12_08,"Future of QA/QC – Predictive Compliance, Digital Twins & Global Workforce Skills",task_1_12_08_1,,,,,,10,
course_1,,ch_1_12,,les_1_12_09,Final Audit Simulation – Pharma + Hospital Integrated Compliance War Game,task_1_12_09_1,,,,,,10,
course_1,,ch_1_12,,les_1_12_10,"Capstone Mentorship – Career Readiness, Interview Defense & QA/QC Leadership",task_1_12_10_1,,,,,,10,
,,,,,,,,,,,,10,
,,,,,,,,,,,,10,
course_2,Pharmacovigalance,ch_2_01,Foundations of Pharmacovigilance and Drug Safety Systems,les_2_01_01,,task_2_01_01_1,,,,,,10,
course_2,Pharmacovigalance,ch_2_01,,les_2_01_02,,task_2_01_02_1,,,,,,10,
course_2,Pharmacovigalance,ch_2_01,,les_2_01_03,,task_2_01_03_1,,,,,,10,
course_2,Pharmacovigalance,ch_2_01,,les_2_01_04,,task_2_01_04_1,,,,,,10,
course_2,Pharmacovigalance,ch_2_01,,les_2_01_05,,task_2_01_05_1,,,,,,10,
course_2,Pharmacovigalance,ch_2_01,,les_2_01_06,,task_2_01_06_1,,,,,,10,
course_2,Pharmacovigalance,ch_2_01,,les_2_01_07,,task_2_01_07_1,,,,,,10,
course_2,Pharmacovigalance,ch_2_01,,les_2_01_08,,task_2_01_08_1,,,,,,10,
course_2,Pharmacovigalance,ch_2_01,,les_2_01_09,,task_2_01_09_1,,,,,,10,
,Pharmacovigalance,,,,,,,,,,,10,
course_2,Pharmacovigalance,ch_2_02,ICSR Lifecycle: Case Intake to Submission,les_2_02_01,,task_2_02_01_1,,,,,,10,
course_2,Pharmacovigalance,ch_2_02,,les_2_02_02,,task_2_02_02_1,,,,,,10,
course_2,Pharmacovigalance,ch_2_02,,les_2_02_03,,task_2_02_03_1,,,,,,10,
course_2,Pharmacovigalance,ch_2_02,,les_2_02_04,,task_2_02_04_1,,,,,,10,
course_2,Pharmacovigalance,ch_2_02,,les_2_02_05,,task_2_02_05_1,,,,,,10,
course_2,Pharmacovigalance,ch_2_02,,les_2_02_06,,task_2_02_06_1,,,,,,10,
course_2,Pharmacovigalance,ch_2_02,,les_2_02_07,,task_2_02_07_1,,,,,,10,
course_2,Pharmacovigalance,ch_2_02,,les_2_02_08,,task_2_02_08_1,,,,,,10,
course_2,Pharmacovigalance,ch_2_02,,les_2_02_09,,task_2_02_09_1,,,,,,10,
course_2,Pharmacovigalance,ch_2_02,,les_2_02_10,,task_2_02_10_1,,,,,,10,
,Pharmacovigalance,,"MedDRA Coding, WHO-DD Mapping, and Narrative Writing",,,,,,,,,10,
course_2,Pharmacovigalance,ch_2_03,,les_2_03_01,,task_2_03_01_1,,,,,,10,
course_2,Pharmacovigalance,ch_2_03,,les_2_03_02,,task_2_03_02_1,,,,,,10,
course_2,Pharmacovigalance,ch_2_03,,les_2_03_03,,task_2_03_03_1,,,,,,10,
course_2,Pharmacovigalance,ch_2_03,,les_2_03_04,,task_2_03_04_1,,,,,,10,
course_2,Pharmacovigalance,ch_2_03,,les_2_03_05,,task_2_03_05_1,,,,,,10,
course_2,Pharmacovigalance,ch_2_03,,les_2_03_06,,task_2_03_06_1,,,,,,10,
course_2,Pharmacovigalance,ch_2_03,,les_2_03_07,,task_2_03_07_1,,,,,,10,
course_2,Pharmacovigalance,ch_2_03,,les_2_03_08,,task_2_03_08_1,,,,,,10,
course_2,Pharmacovigalance,ch_2_03,,les_2_03_09,,task_2_03_09_1,,,,,,10,
course_2,Pharmacovigalance,ch_2_03,"Seriousness, Causality, and Expectedness Assessment",les_2_03_10,,task_2_03_10_1,,,,,,10,
,Pharmacovigalance,,,,,,,,,,,10,
course_2,Pharmacovigalance,ch_2_04,,les_2_04_01,,task_2_04_01_1,,,,,,10,
course_2,Pharmacovigalance,ch_2_04,,les_2_04_02,,task_2_04_02_1,,,,,,10,
course_2,Pharmacovigalance,ch_2_04,,les_2_04_03,,task_2_04_03_1,,,,,,10,
course_2,Pharmacovigalance,ch_2_04,,les_2_04_04,,task_2_04_04_1,,,,,,10,
course_2,Pharmacovigalance,ch_2_04,,les_2_04_05,,task_2_04_05_1,,,,,,10,
course_2,Pharmacovigalance,ch_2_04,,les_2_04_06,,task_2_04_06_1,,,,,,10,
course_2,Pharmacovigalance,ch_2_04,,les_2_04_07,,task_2_04_07_1,,,,,,10,
course_2,Pharmacovigalance,ch_2_04,,les_2_04_08,,task_2_04_08_1,,,,,,10,
course_2,Pharmacovigalance,ch_2_04,"Aggregate Reporting: DSUR, PSUR, and PADER Fundamentals",les_2_04_09,,task_2_04_09_1,,,,,,10,
course_2,Pharmacovigalance,ch_2_04,,les_2_04_10,,task_2_04_10_1,,,,,,10,
,Pharmacovigalance,,,,,,,,,,,10,
course_2,Pharmacovigalance,ch_2_05,,les_2_05_01,,task_2_05_01_1,,,,,,10,
course_2,Pharmacovigalance,ch_2_05,,les_2_05_02,,task_2_05_02_1,,,,,,10,
course_2,Pharmacovigalance,ch_2_05,,les_2_05_03,,task_2_05_03_1,,,,,,10,
course_2,Pharmacovigalance,ch_2_05,,les_2_05_04,,task_2_05_04_1,,,,,,10,
course_2,Pharmacovigalance,ch_2_05,,les_2_05_05,,task_2_05_05_1,,,,,,10,
course_2,Pharmacovigalance,ch_2_05,,les_2_05_06,,task_2_05_06_1,,,,,,10,
course_2,Pharmacovigalance,ch_2_05,,les_2_05_07,,task_2_05_07_1,,,,,,10,
course_2,Pharmacovigalance,ch_2_05,Pharmacovigilance Regulations: Global Compliance & E2B(R3),les_2_05_08,,task_2_05_08_1,,,,,,10,
course_2,Pharmacovigalance,ch_2_05,,les_2_05_09,,task_2_05_09_1,,,,,,10,
course_2,Pharmacovigalance,ch_2_05,,les_2_05_10,,task_2_05_10_1,,,,,,10,
,Pharmacovigalance,,,,,,,,,,,10,
course_2,Pharmacovigalance,ch_2_06,,les_2_06_01,,task_2_06_01_1,,,,,,10,
course_2,Pharmacovigalance,ch_2_06,,les_2_06_02,,task_2_06_02_1,,,,,,10,
course_2,Pharmacovigalance,ch_2_06,,les_2_06_03,,task_2_06_03_1,,,,,,10,
course_2,Pharmacovigalance,ch_2_06,,les_2_06_04,,task_2_06_04_1,,,,,,10,
course_2,Pharmacovigalance,ch_2_06,,les_2_06_05,,task_2_06_05_1,,,,,,10,
course_2,Pharmacovigalance,ch_2_06,,les_2_06_06,,task_2_06_06_1,,,,,,10,
course_2,Pharmacovigalance,ch_2_06,Signal Detection and Risk Management Planning,les_2_06_07,,task_2_06_07_1,,,,,,10,
course_2,Pharmacovigalance,ch_2_06,,les_2_06_08,,task_2_06_08_1,,,,,,10,
course_2,Pharmacovigalance,ch_2_06,,les_2_06_09,,task_2_06_09_1,,,,,,10,
course_2,Pharmacovigalance,ch_2_06,,les_2_06_10,,task_2_06_10_1,,,,,,10,
,Pharmacovigalance,,,,,,,,,,,10,
course_2,Pharmacovigalance,ch_2_07,,les_2_07_01,,task_2_07_01_1,,,,,,10,
course_2,Pharmacovigalance,ch_2_07,,les_2_07_02,,task_2_07_02_1,,,,,,10,
course_2,Pharmacovigalance,ch_2_07,,les_2_07_03,,task_2_07_03_1,,,,,,10,
course_2,Pharmacovigalance,ch_2_07,,les_2_07_04,,task_2_07_04_1,,,,,,10,
course_2,Pharmacovigalance,ch_2_07,,les_2_07_05,,task_2_07_05_1,,,,,,10,
course_2,Pharmacovigalance,ch_2_07,Case Processing in Argus and ARISg: Hands-on Simulation,les_2_07_06,,task_2_07_06_1,,,,,,10,
course_2,Pharmacovigalance,ch_2_07,,les_2_07_07,,task_2_07_07_1,,,,,,10,
course_2,Pharmacovigalance,ch_2_07,,les_2_07_08,,task_2_07_08_1,,,,,,10,
course_2,Pharmacovigalance,ch_2_07,,les_2_07_09,,task_2_07_09_1,,,,,,10,
course_2,Pharmacovigalance,ch_2_07,,les_2_07_10,,task_2_07_10_1,,,,,,10,
,Pharmacovigalance,,,,,,,,,,,10,
course_2,Pharmacovigalance,ch_2_08,,les_2_08_01,,task_2_08_01_1,,,,,,10,
course_2,Pharmacovigalance,ch_2_08,,les_2_08_02,,task_2_08_02_1,,,,,,10,
course_2,Pharmacovigalance,ch_2_08,,les_2_08_03,,task_2_08_03_1,,,,,,10,
course_2,Pharmacovigalance,ch_2_08,,les_2_08_04,,task_2_08_04_1,,,,,,10,
course_2,Pharmacovigalance,ch_2_08,Quality Control in PV: Deviation Handling and CAPA,les_2_08_05,,task_2_08_05_1,,,,,,10,
course_2,Pharmacovigalance,ch_2_08,,les_2_08_06,,task_2_08_06_1,,,,,,10,
course_2,Pharmacovigalance,ch_2_08,,les_2_08_07,,task_2_08_07_1,,,,,,10,
course_2,Pharmacovigalance,ch_2_08,,les_2_08_08,,task_2_08_08_1,,,,,,10,
course_2,Pharmacovigalance,ch_2_08,,les_2_08_09,,task_2_08_09_1,,,,,,10,
course_2,Pharmacovigalance,ch_2_08,,les_2_08_10,,task_2_08_10_1,,,,,,10,
,Pharmacovigalance,,,,,,,,,,,10,
course_2,Pharmacovigalance,ch_2_09,,les_2_09_01,,task_2_09_01_1,,,,,,10,
course_2,Pharmacovigalance,ch_2_09,,les_2_09_02,,task_2_09_02_1,,,,,,10,
course_2,Pharmacovigalance,ch_2_09,,les_2_09_03,,task_2_09_03_1,,,,,,10,
course_2,Pharmacovigalance,ch_2_09,Audit Readiness and Regulatory Inspection Simulation,les_2_09_04,,task_2_09_04_1,,,,,,10,
course_2,Pharmacovigalance,ch_2_09,,les_2_09_05,,task_2_09_05_1,,,,,,10,
course_2,Pharmacovigalance,ch_2_09,,les_2_09_06,,task_2_09_06_1,,,,,,10,
course_2,Pharmacovigalance,ch_2_09,,les_2_09_07,,task_2_09_07_1,,,,,,10,
course_2,Pharmacovigalance,ch_2_09,,les_2_09_08,,task_2_09_08_1,,,,,,10,
course_2,Pharmacovigalance,ch_2_09,,les_2_09_09,,task_2_09_09_1,,,,,,10,
course_2,Pharmacovigalance,ch_2_09,,les_2_09_10,,task_2_09_10_1,,,,,,10,
,Pharmacovigalance,,,,,,,,,,,10,
course_2,Pharmacovigalance,ch_2_10,,les_2_10_01,,task_2_10_01_1,,,,,,10,
course_2,Pharmacovigalance,ch_2_10,,les_2_10_02,,task_2_10_02_1,,,,,,10,
course_2,Pharmacovigalance,ch_2_10,"AI in Pharmacovigilance: Automation, NLP, and Safety Analytics",les_2_10_03,,task_2_10_03_1,,,,,,10,
course_2,Pharmacovigalance,ch_2_10,,les_2_10_04,,task_2_10_04_1,,,,,,10,
course_2,Pharmacovigalance,ch_2_10,,les_2_10_05,,task_2_10_05_1,,,,,,10,
course_2,Pharmacovigalance,ch_2_10,,les_2_10_06,,task_2_10_06_1,,,,,,10,
course_2,Pharmacovigalance,ch_2_10,,les_2_10_07,,task_2_10_07_1,,,,,,10,
course_2,Pharmacovigalance,ch_2_10,,les_2_10_08,,task_2_10_08_1,,,,,,10,
course_2,Pharmacovigalance,ch_2_10,,les_2_10_09,,task_2_10_09_1,,,,,,10,
course_2,Pharmacovigalance,ch_2_10,,les_2_10_10,,task_2_10_10_1,,,,,,10,
,Pharmacovigalance,,,,,,,,,,,10,
course_2,Pharmacovigalance,ch_2_11,,les_2_11_01,,task_2_11_01_1,,,,,,10,
course_2,Pharmacovigalance,ch_2_11,Final Capstone Project: End-to-End PV Case and Report Handling,les_2_11_02,,task_2_11_02_1,,,,,,10,
course_2,Pharmacovigalance,ch_2_11,,les_2_11_03,,task_2_11_03_1,,,,,,10,
course_2,Pharmacovigalance,ch_2_11,,les_2_11_04,,task_2_11_04_1,,,,,,10,
course_2,Pharmacovigalance,ch_2_11,,les_2_11_05,,task_2_11_05_1,,,,,,10,
course_2,Pharmacovigalance,ch_2_11,,les_2_11_06,,task_2_11_06_1,,,,,,10,
course_2,Pharmacovigalance,ch_2_11,,les_2_11_07,,task_2_11_07_1,,,,,,10,
course_2,Pharmacovigalance,ch_2_11,,les_2_11_08,,task_2_11_08_1,,,,,,10,
course_2,Pharmacovigalance,ch_2_11,,les_2_11_09,,task_2_11_09_1,,,,,,10,
course_2,Pharmacovigalance,ch_2_11,,les_2_11_10,,task_2_11_10_1,,,,,,10,
,Pharmacovigalance,,,,,,,,,,,10,
course_2,,ch_2_12,,les_2_12_01,,task_2_12_01_1,,,,,,10,
course_2,,ch_2_12,,les_2_12_02,,task_2_12_02_1,,,,,,10,
course_2,,ch_2_12,,les_2_12_03,,task_2_12_03_1,,,,,,,
course_2,,ch_2_12,,les_2_12_04,,task_2_12_04_1,,,,,,,
course_2,,ch_2_12,,les_2_12_05,,task_2_12_05_1,,,,,,10,
course_2,,ch_2_12,,les_2_12_06,,task_2_12_06_1,,,,,,10,
course_2,,ch_2_12,,les_2_12_07,,task_2_12_07_1,,,,,,10,
course_2,,ch_2_12,,les_2_12_08,,task_2_12_08_1,,,,,,10,
course_2,,ch_2_12,,les_2_12_09,,task_2_12_09_1,,,,,,10,
course_2,,ch_2_12,,les_2_12_10,,task_2_12_10_1,,,,,,10,
,,,,,,,,,,,,,
course_3,Clinical Research,ch_3_01,,les_3_01_01,,task_3_01_01_1,,,,,,10,
course_3,,ch_3_01,,les_3_01_02,,task_3_01_02_1,,,,,,10,
course_3,,ch_3_01,,les_3_01_03,,task_3_01_03_1,,,,,,10,
course_3,,ch_3_01,,les_3_01_04,,task_3_01_04_1,,,,,,10,
course_3,,ch_3_01,,les_3_01_05,,task_3_01_05_1,,,,,,10,
course_3,,ch_3_01,,les_3_01_06,,task_3_01_06_1,,,,,,10,
course_3,,ch_3_01,,les_3_01_07,,task_3_01_07_1,,,,,,10,
course_3,,ch_3_01,,les_3_01_08,,task_3_01_08_1,,,,,,10,
course_3,,ch_3_01,,les_3_01_09,,task_3_01_09_1,,,,,,10,
,,,,,,,,,,,,10,
course_3,,ch_3_02,,les_3_02_01,,task_3_02_01_1,,,,,,10,
course_3,,ch_3_02,,les_3_02_02,,task_3_02_02_1,,,,,,10,
course_3,,ch_3_02,,les_3_02_03,,task_3_02_03_1,,,,,,10,
course_3,,ch_3_02,,les_3_02_04,,task_3_02_04_1,,,,,,10,
course_3,,ch_3_02,,les_3_02_05,,task_3_02_05_1,,,,,,10,
course_3,,ch_3_02,,les_3_02_06,,task_3_02_06_1,,,,,,10,
course_3,,ch_3_02,,les_3_02_07,,task_3_02_07_1,,,,,,10,
course_3,,ch_3_02,,les_3_02_08,,task_3_02_08_1,,,,,,10,
course_3,,ch_3_02,,les_3_02_09,,task_3_02_09_1,,,,,,10,
course_3,,ch_3_02,,les_3_02_10,,task_3_02_10_1,,,,,,10,
,,,,,,,,,,,,,
course_3,,ch_3_03,,les_3_03_01,,task_3_03_01_1,,,,,,,
course_3,,ch_3_03,,les_3_03_02,,task_3_03_02_1,,,,,,,
course_3,,ch_3_03,,les_3_03_03,,task_3_03_03_1,,,,,,,
course_3,,ch_3_03,,les_3_03_04,,task_3_03_04_1,,,,,,,
course_3,,ch_3_03,,les_3_03_05,,task_3_03_05_1,,,,,,,
course_3,,ch_3_03,,les_3_03_06,,task_3_03_06_1,,,,,,,
course_3,,ch_3_03,,les_3_03_07,,task_3_03_07_1,,,,,,,
course_3,,ch_3_03,,les_3_03_08,,task_3_03_08_1,,,,,,,
course_3,,ch_3_03,,les_3_03_09,,task_3_03_09_1,,,,,,,
course_3,,ch_3_03,,les_3_03_10,,task_3_03_10_1,,,,,,,
,,,,,,,,,,,,,
course_3,,ch_3_04,,les_3_04_01,,task_3_04_01_1,,,,,,,
course_3,,ch_3_04,,les_3_04_02,,task_3_04_02_1,,,,,,,
course_3,,ch_3_04,,les_3_04_03,,task_3_04_03_1,,,,,,,
course_3,,ch_3_04,,les_3_04_04,,task_3_04_04_1,,,,,,,
course_3,,ch_3_04,,les_3_04_05,,task_3_04_05_1,,,,,,,
course_3,,ch_3_04,,les_3_04_06,,task_3_04_06_1,,,,,,,
course_3,,ch_3_04,,les_3_04_07,,task_3_04_07_1,,,,,,,
course_3,,ch_3_04,,les_3_04_08,,task_3_04_08_1,,,,,,,
course_3,,ch_3_04,,les_3_04_09,,task_3_04_09_1,,,,,,,
course_3,,ch_3_04,,les_3_04_10,,task_3_04_10_1,,,,,,,
,,,,,,,,,,,,,
course_3,,ch_3_05,,les_3_05_01,,task_3_05_01_1,,,,,,,
course_3,,ch_3_05,,les_3_05_02,,task_3_05_02_1,,,,,,,
course_3,,ch_3_05,,les_3_05_03,,task_3_05_03_1,,,,,,,
course_3,,ch_3_05,,les_3_05_04,,task_3_05_04_1,,,,,,,
course_3,,ch_3_05,,les_3_05_05,,task_3_05_05_1,,,,,,,
course_3,,ch_3_05,,les_3_05_06,,task_3_05_06_1,,,,,,,
course_3,,ch_3_05,,les_3_05_07,,task_3_05_07_1,,,,,,,
course_3,,ch_3_05,,les_3_05_08,,task_3_05_08_1,,,,,,,
course_3,,ch_3_05,,les_3_05_09,,task_3_05_09_1,,,,,,,
course_3,,ch_3_05,,les_3_05_10,,task_3_05_10_1,,,,,,,
,,,,,,,,,,,,,
course_3,,ch_3_06,,les_3_06_01,,task_3_06_01_1,,,,,,,
course_3,,ch_3_06,,les_3_06_02,,task_3_06_02_1,,,,,,,
course_3,,ch_3_06,,les_3_06_03,,task_3_06_03_1,,,,,,,
course_3,,ch_3_06,,les_3_06_04,,task_3_06_04_1,,,,,,,
course_3,,ch_3_06,,les_3_06_05,,task_3_06_05_1,,,,,,,
course_3,,ch_3_06,,les_3_06_06,,task_3_06_06_1,,,,,,,
course_3,,ch_3_06,,les_3_06_07,,task_3_06_07_1,,,,,,,
course_3,,ch_3_06,,les_3_06_08,,task_3_06_08_1,,,,,,,
course_3,,ch_3_06,,les_3_06_09,,task_3_06_09_1,,,,,,,
course_3,,ch_3_06,,les_3_06_10,,task_3_06_10_1,,,,,,,
,,,,,,,,,,,,,
course_3,,ch_3_07,,les_3_07_01,,task_3_07_01_1,,,,,,,
course_3,,ch_3_07,,les_3_07_02,,task_3_07_02_1,,,,,,,
course_3,,ch_3_07,,les_3_07_03,,task_3_07_03_1,,,,,,,
course_3,,ch_3_07,,les_3_07_04,,task_3_07_04_1,,,,,,,
course_3,,ch_3_07,,les_3_07_05,,task_3_07_05_1,,,,,,,
course_3,,ch_3_07,,les_3_07_06,,task_3_07_06_1,,,,,,,
course_3,,ch_3_07,,les_3_07_07,,task_3_07_07_1,,,,,,,
course_3,,ch_3_07,,les_3_07_08,,task_3_07_08_1,,,,,,,
course_3,,ch_3_07,,les_3_07_09,,task_3_07_09_1,,,,,,,
course_3,,ch_3_07,,les_3_07_10,,task_3_07_10_1,,,,,,,
,,,,,,,,,,,,,
course_3,,ch_3_08,,les_3_08_01,,task_3_08_01_1,,,,,,,
course_3,,ch_3_08,,les_3_08_02,,task_3_08_02_1,,,,,,,
course_3,,ch_3_08,,les_3_08_03,,task_3_08_03_1,,,,,,,
course_3,,ch_3_08,,les_3_08_04,,task_3_08_04_1,,,,,,,
course_3,,ch_3_08,,les_3_08_05,,task_3_08_05_1,,,,,,,
course_3,,ch_3_08,,les_3_08_06,,task_3_08_06_1,,,,,,,
course_3,,ch_3_08,,les_3_08_07,,task_3_08_07_1,,,,,,,
course_3,,ch_3_08,,les_3_08_08,,task_3_08_08_1,,,,,,,
course_3,,ch_3_08,,les_3_08_09,,task_3_08_09_1,,,,,,,
course_3,,ch_3_08,,les_3_08_10,,task_3_08_10_1,,,,,,,
,,,,,,,,,,,,,
course_3,,ch_3_09,,les_3_09_01,,task_3_09_01_1,,,,,,,
course_3,,ch_3_09,,les_3_09_02,,task_3_09_02_1,,,,,,,
course_3,,ch_3_09,,les_3_09_03,,task_3_09_03_1,,,,,,,
course_3,,ch_3_09,,les_3_09_04,,task_3_09_04_1,,,,,,,
course_3,,ch_3_09,,les_3_09_05,,task_3_09_05_1,,,,,,,
course_3,,ch_3_09,,les_3_09_06,,task_3_09_06_1,,,,,,,
course_3,,ch_3_09,,les_3_09_07,,task_3_09_07_1,,,,,,,
course_3,,ch_3_09,,les_3_09_08,,task_3_09_08_1,,,,,,,
course_3,,ch_3_09,,les_3_09_09,,task_3_09_09_1,,,,,,,
course_3,,ch_3_09,,les_3_09_10,,task_3_09_10_1,,,,,,,
,,,,,,,,,,,,,
course_3,,ch_3_10,,les_3_10_01,,task_3_10_01_1,,,,,,,
course_3,,ch_3_10,,les_3_10_02,,task_3_10_02_1,,,,,,,
course_3,,ch_3_10,,les_3_10_03,,task_3_10_03_1,,,,,,,
course_3,,ch_3_10,,les_3_10_04,,task_3_10_04_1,,,,,,,
course_3,,ch_3_10,,les_3_10_05,,task_3_10_05_1,,,,,,,
course_3,,ch_3_10,,les_3_10_06,,task_3_10_06_1,,,,,,,
course_3,,ch_3_10,,les_3_10_07,,task_3_10_07_1,,,,,,,
course_3,,ch_3_10,,les_3_10_08,,task_3_10_08_1,,,,,,,
course_3,,ch_3_10,,les_3_10_09,,task_3_10_09_1,,,,,,,
course_3,,ch_3_10,,les_3_10_10,,task_3_10_10_1,,,,,,,
,,,,,,,,,,,,,
course_3,,ch_3_11,,les_3_11_01,,task_3_11_01_1,,,,,,,
course_3,,ch_3_11,,les_3_11_02,,task_3_11_02_1,,,,,,,
course_3,,ch_3_11,,les_3_11_03,,task_3_11_03_1,,,,,,,
course_3,,ch_3_11,,les_3_11_04,,task_3_11_04_1,,,,,,,
course_3,,ch_3_11,,les_3_11_05,,task_3_11_05_1,,,,,,,
course_3,,ch_3_11,,les_3_11_06,,task_3_11_06_1,,,,,,,
course_3,,ch_3_11,,les_3_11_07,,task_3_11_07_1,,,,,,,
course_3,,ch_3_11,,les_3_11_08,,task_3_11_08_1,,,,,,,
course_3,,ch_3_11,,les_3_11_09,,task_3_11_09_1,,,,,,,
course_3,,ch_3_11,,les_3_11_10,,task_3_11_10_1,,,,,,,
,,,,,,,,,,,,,
course_3,,ch_3_12,,les_3_12_01,,task_3_12_01_1,,,,,,,
course_3,,ch_3_12,,les_3_12_02,,task_3_12_02_1,,,,,,,
course_3,,ch_3_12,,les_3_12_03,,task_3_12_03_1,,,,,,,
course_3,,ch_3_12,,les_3_12_04,,task_3_12_04_1,,,,,,,
course_3,,ch_3_12,,les_3_12_05,,task_3_12_05_1,,,,,,,
course_3,,ch_3_12,,les_3_12_06,,task_3_12_06_1,,,,,,,
course_3,,ch_3_12,,les_3_12_07,,task_3_12_07_1,,,,,,,
course_3,,ch_3_12,,les_3_12_08,,task_3_12_08_1,,,,,,,
course_3,,ch_3_12,,les_3_12_09,,task_3_12_09_1,,,,,,,
course_3,,ch_3_12,,les_3_12_10,,task_3_12_10_1,,,,,,,
,,,,,,,,,,,,,
course_4,Regulatory Affairs,ch_4_01,,les_4_01_01,,task_4_01_01_1,,,,,,,
course_4,,ch_4_01,,les_4_01_02,,task_4_01_02_1,,,,,,,
course_4,,ch_4_01,,les_4_01_03,,task_4_01_03_1,,,,,,,
course_4,,ch_4_01,,les_4_01_04,,task_4_01_04_1,,,,,,,
course_4,,ch_4_01,,les_4_01_05,,task_4_01_05_1,,,,,,,
course_4,,ch_4_01,,les_4_01_06,,task_4_01_06_1,,,,,,,
course_4,,ch_4_01,,les_4_01_07,,task_4_01_07_1,,,,,,,
course_4,,ch_4_01,,les_4_01_08,,task_4_01_08_1,,,,,,,
course_4,,ch_4_01,,les_4_01_09,,task_4_01_09_1,,,,,,,
,,,,,,,,,,,,,
course_4,,ch_4_02,,les_4_02_01,,task_4_02_01_1,,,,,,,
course_4,,ch_4_02,,les_4_02_02,,task_4_02_02_1,,,,,,,
course_4,,ch_4_02,,les_4_02_03,,task_4_02_03_1,,,,,,,
course_4,,ch_4_02,,les_4_02_04,,task_4_02_04_1,,,,,,,
course_4,,ch_4_02,,les_4_02_05,,task_4_02_05_1,,,,,,,
course_4,,ch_4_02,,les_4_02_06,,task_4_02_06_1,,,,,,,
course_4,,ch_4_02,,les_4_02_07,,task_4_02_07_1,,,,,,,
course_4,,ch_4_02,,les_4_02_08,,task_4_02_08_1,,,,,,,
course_4,,ch_4_02,,les_4_02_09,,task_4_02_09_1,,,,,,,
course_4,,ch_4_02,,les_4_02_10,,task_4_02_10_1,,,,,,,
,,,,,,,,,,,,,
course_4,,ch_4_03,,les_4_03_01,,task_4_03_01_1,,,,,,,
course_4,,ch_4_03,,les_4_03_02,,task_4_03_02_1,,,,,,,
course_4,,ch_4_03,,les_4_03_03,,task_4_03_03_1,,,,,,,
course_4,,ch_4_03,,les_4_03_04,,task_4_03_04_1,,,,,,,
course_4,,ch_4_03,,les_4_03_05,,task_4_03_05_1,,,,,,,
course_4,,ch_4_03,,les_4_03_06,,task_4_03_06_1,,,,,,,
course_4,,ch_4_03,,les_4_03_07,,task_4_03_07_1,,,,,,,
course_4,,ch_4_03,,les_4_03_08,,task_4_03_08_1,,,,,,,
course_4,,ch_4_03,,les_4_03_09,,task_4_03_09_1,,,,,,,
course_4,,ch_4_03,,les_4_03_10,,task_4_03_10_1,,,,,,,
,,,,,,,,,,,,,
course_4,,ch_4_04,,les_4_04_01,,task_4_04_01_1,,,,,,,
course_4,,ch_4_04,,les_4_04_02,,task_4_04_02_1,,,,,,,
course_4,,ch_4_04,,les_4_04_03,,task_4_04_03_1,,,,,,,
course_4,,ch_4_04,,les_4_04_04,,task_4_04_04_1,,,,,,,
course_4,,ch_4_04,,les_4_04_05,,task_4_04_05_1,,,,,,,
course_4,,ch_4_04,,les_4_04_06,,task_4_04_06_1,,,,,,,
course_4,,ch_4_04,,les_4_04_07,,task_4_04_07_1,,,,,,,
course_4,,ch_4_04,,les_4_04_08,,task_4_04_08_1,,,,,,,
course_4,,ch_4_04,,les_4_04_09,,task_4_04_09_1,,,,,,,
course_4,,ch_4_04,,les_4_04_10,,task_4_04_10_1,,,,,,,
,,,,,,,,,,,,,
course_4,,ch_4_05,,les_4_05_01,,task_4_05_01_1,,,,,,,
course_4,,ch_4_05,,les_4_05_02,,task_4_05_02_1,,,,,,,
course_4,,ch_4_05,,les_4_05_03,,task_4_05_03_1,,,,,,,
course_4,,ch_4_05,,les_4_05_04,,task_4_05_04_1,,,,,,,
course_4,,ch_4_05,,les_4_05_05,,task_4_05_05_1,,,,,,,
course_4,,ch_4_05,,les_4_05_06,,task_4_05_06_1,,,,,,,
course_4,,ch_4_05,,les_4_05_07,,task_4_05_07_1,,,,,,,
course_4,,ch_4_05,,les_4_05_08,,task_4_05_08_1,,,,,,,
course_4,,ch_4_05,,les_4_05_09,,task_4_05_09_1,,,,,,,
course_4,,ch_4_05,,les_4_05_10,,task_4_05_10_1,,,,,,,
,,,,,,,,,,,,,
course_4,,ch_4_06,,les_4_06_01,,task_4_06_01_1,,,,,,,
course_4,,ch_4_06,,les_4_06_02,,task_4_06_02_1,,,,,,,
course_4,,ch_4_06,,les_4_06_03,,task_4_06_03_1,,,,,,,
course_4,,ch_4_06,,les_4_06_04,,task_4_06_04_1,,,,,,,
course_4,,ch_4_06,,les_4_06_05,,task_4_06_05_1,,,,,,,
course_4,,ch_4_06,,les_4_06_06,,task_4_06_06_1,,,,,,,
course_4,,ch_4_06,,les_4_06_07,,task_4_06_07_1,,,,,,,
course_4,,ch_4_06,,les_4_06_08,,task_4_06_08_1,,,,,,,
course_4,,ch_4_06,,les_4_06_09,,task_4_06_09_1,,,,,,,
course_4,,ch_4_06,,les_4_06_10,,task_4_06_10_1,,,,,,,
,,,,,,,,,,,,,
course_4,,ch_4_07,,les_4_07_01,,task_4_07_01_1,,,,,,,
course_4,,ch_4_07,,les_4_07_02,,task_4_07_02_1,,,,,,,
course_4,,ch_4_07,,les_4_07_03,,task_4_07_03_1,,,,,,,
course_4,,ch_4_07,,les_4_07_04,,task_4_07_04_1,,,,,,,
course_4,,ch_4_07,,les_4_07_05,,task_4_07_05_1,,,,,,,
course_4,,ch_4_07,,les_4_07_06,,task_4_07_06_1,,,,,,,
course_4,,ch_4_07,,les_4_07_07,,task_4_07_07_1,,,,,,,
course_4,,ch_4_07,,les_4_07_08,,task_4_07_08_1,,,,,,,
course_4,,ch_4_07,,les_4_07_09,,task_4_07_09_1,,,,,,,
course_4,,ch_4_07,,les_4_07_10,,task_4_07_10_1,,,,,,,
,,,,,,,,,,,,,
course_4,,ch_4_08,,les_4_08_01,,task_4_08_01_1,,,,,,,
course_4,,ch_4_08,,les_4_08_02,,task_4_08_02_1,,,,,,,
course_4,,ch_4_08,,les_4_08_03,,task_4_08_03_1,,,,,,,
course_4,,ch_4_08,,les_4_08_04,,task_4_08_04_1,,,,,,,
course_4,,ch_4_08,,les_4_08_05,,task_4_08_05_1,,,,,,,
course_4,,ch_4_08,,les_4_08_06,,task_4_08_06_1,,,,,,,
course_4,,ch_4_08,,les_4_08_07,,task_4_08_07_1,,,,,,,
course_4,,ch_4_08,,les_4_08_08,,task_4_08_08_1,,,,,,,
course_4,,ch_4_08,,les_4_08_09,,task_4_08_09_1,,,,,,,
course_4,,ch_4_08,,les_4_08_10,,task_4_08_10_1,,,,,,,
,,,,,,,,,,,,,
course_4,,ch_4_09,,les_4_09_01,,task_4_09_01_1,,,,,,,
course_4,,ch_4_09,,les_4_09_02,,task_4_09_02_1,,,,,,,
course_4,,ch_4_09,,les_4_09_03,,task_4_09_03_1,,,,,,,
course_4,,ch_4_09,,les_4_09_04,,task_4_09_04_1,,,,,,,
course_4,,ch_4_09,,les_4_09_05,,task_4_09_05_1,,,,,,,
course_4,,ch_4_09,,les_4_09_06,,task_4_09_06_1,,,,,,,
course_4,,ch_4_09,,les_4_09_07,,task_4_09_07_1,,,,,,,
course_4,,ch_4_09,,les_4_09_08,,task_4_09_08_1,,,,,,,
course_4,,ch_4_09,,les_4_09_09,,task_4_09_09_1,,,,,,,
course_4,,ch_4_09,,les_4_09_10,,task_4_09_10_1,,,,,,,
,,,,,,,,,,,,,
course_4,,ch_4_10,,les_4_10_01,,task_4_10_01_1,,,,,,,
course_4,,ch_4_10,,les_4_10_02,,task_4_10_02_1,,,,,,,
course_4,,ch_4_10,,les_4_10_03,,task_4_10_03_1,,,,,,,
course_4,,ch_4_10,,les_4_10_04,,task_4_10_04_1,,,,,,,
course_4,,ch_4_10,,les_4_10_05,,task_4_10_05_1,,,,,,,
course_4,,ch_4_10,,les_4_10_06,,task_4_10_06_1,,,,,,,
course_4,,ch_4_10,,les_4_10_07,,task_4_10_07_1,,,,,,,
course_4,,ch_4_10,,les_4_10_08,,task_4_10_08_1,,,,,,,
course_4,,ch_4_10,,les_4_10_09,,task_4_10_09_1,,,,,,,
course_4,,ch_4_10,,les_4_10_10,,task_4_10_10_1,,,,,,,
,,,,,,,,,,,,,
course_4,,ch_4_11,,les_4_11_01,,task_4_11_01_1,,,,,,,
course_4,,ch_4_11,,les_4_11_02,,task_4_11_02_1,,,,,,,
course_4,,ch_4_11,,les_4_11_03,,task_4_11_03_1,,,,,,,
course_4,,ch_4_11,,les_4_11_04,,task_4_11_04_1,,,,,,,
course_4,,ch_4_11,,les_4_11_05,,task_4_11_05_1,,,,,,,
course_4,,ch_4_11,,les_4_11_06,,task_4_11_06_1,,,,,,,
course_4,,ch_4_11,,les_4_11_07,,task_4_11_07_1,,,,,,,
course_4,,ch_4_11,,les_4_11_08,,task_4_11_08_1,,,,,,,
course_4,,ch_4_11,,les_4_11_09,,task_4_11_09_1,,,,,,,
course_4,,ch_4_11,,les_4_11_10,,task_4_11_10_1,,,,,,,
,,,,,,,,,,,,,
course_4,,ch_4_12,,les_4_12_01,,task_4_12_01_1,,,,,,,
course_4,,ch_4_12,,les_4_12_02,,task_4_12_02_1,,,,,,,
course_4,,ch_4_12,,les_4_12_03,,task_4_12_03_1,,,,,,,
course_4,,ch_4_12,,les_4_12_04,,task_4_12_04_1,,,,,,,
course_4,,ch_4_12,,les_4_12_05,,task_4_12_05_1,,,,,,,
course_4,,ch_4_12,,les_4_12_06,,task_4_12_06_1,,,,,,,
course_4,,ch_4_12,,les_4_12_07,,task_4_12_07_1,,,,,,,
course_4,,ch_4_12,,les_4_12_08,,task_4_12_08_1,,,,,,,
course_4,,ch_4_12,,les_4_12_09,,task_4_12_09_1,,,,,,,
course_4,,ch_4_12,,les_4_12_10,,task_4_12_10_1,,,,,,,
,,,,,,,,,,,,,
course_5,Medical Affairs,ch_5_01,,les_5_01_01,,task_5_01_01_1,,,,,,,
course_5,,ch_5_01,,les_5_01_02,,task_5_01_02_1,,,,,,,
course_5,,ch_5_01,,les_5_01_03,,task_5_01_03_1,,,,,,,
course_5,,ch_5_01,,les_5_01_04,,task_5_01_04_1,,,,,,,
course_5,,ch_5_01,,les_5_01_05,,task_5_01_05_1,,,,,,,
course_5,,ch_5_01,,les_5_01_06,,task_5_01_06_1,,,,,,,
course_5,,ch_5_01,,les_5_01_07,,task_5_01_07_1,,,,,,,
course_5,,ch_5_01,,les_5_01_08,,task_5_01_08_1,,,,,,,
course_5,,ch_5_01,,les_5_01_09,,task_5_01_09_1,,,,,,,
,,,,,,,,,,,,,
course_5,,ch_5_02,,les_5_02_01,,task_5_02_01_1,,,,,,,
course_5,,ch_5_02,,les_5_02_02,,task_5_02_02_1,,,,,,,
course_5,,ch_5_02,,les_5_02_03,,task_5_02_03_1,,,,,,,
course_5,,ch_5_02,,les_5_02_04,,task_5_02_04_1,,,,,,,
course_5,,ch_5_02,,les_5_02_05,,task_5_02_05_1,,,,,,,
course_5,,ch_5_02,,les_5_02_06,,task_5_02_06_1,,,,,,,
course_5,,ch_5_02,,les_5_02_07,,task_5_02_07_1,,,,,,,
course_5,,ch_5_02,,les_5_02_08,,task_5_02_08_1,,,,,,,
course_5,,ch_5_02,,les_5_02_09,,task_5_02_09_1,,,,,,,
course_5,,ch_5_02,,les_5_02_10,,task_5_02_10_1,,,,,,,
,,,,,,,,,,,,,
course_5,,ch_5_03,,les_5_03_01,,task_5_03_01_1,,,,,,,
course_5,,ch_5_03,,les_5_03_02,,task_5_03_02_1,,,,,,,
course_5,,ch_5_03,,les_5_03_03,,task_5_03_03_1,,,,,,,
course_5,,ch_5_03,,les_5_03_04,,task_5_03_04_1,,,,,,,
course_5,,ch_5_03,,les_5_03_05,,task_5_03_05_1,,,,,,,
course_5,,ch_5_03,,les_5_03_06,,task_5_03_06_1,,,,,,,
course_5,,ch_5_03,,les_5_03_07,,task_5_03_07_1,,,,,,,
course_5,,ch_5_03,,les_5_03_08,,task_5_03_08_1,,,,,,,
course_5,,ch_5_03,,les_5_03_09,,task_5_03_09_1,,,,,,,
course_5,,ch_5_03,,les_5_03_10,,task_5_03_10_1,,,,,,,
,,,,,,,,,,,,,
course_5,,ch_5_04,,les_5_04_01,,task_5_04_01_1,,,,,,,
course_5,,ch_5_04,,les_5_04_02,,task_5_04_02_1,,,,,,,
course_5,,ch_5_04,,les_5_04_03,,task_5_04_03_1,,,,,,,
course_5,,ch_5_04,,les_5_04_04,,task_5_04_04_1,,,,,,,
course_5,,ch_5_04,,les_5_04_05,,task_5_04_05_1,,,,,,,
course_5,,ch_5_04,,les_5_04_06,,task_5_04_06_1,,,,,,,
course_5,,ch_5_04,,les_5_04_07,,task_5_04_07_1,,,,,,,
course_5,,ch_5_04,,les_5_04_08,,task_5_04_08_1,,,,,,,
course_5,,ch_5_04,,les_5_04_09,,task_5_04_09_1,,,,,,,
course_5,,ch_5_04,,les_5_04_10,,task_5_04_10_1,,,,,,,
,,,,,,,,,,,,,
course_5,,ch_5_05,,les_5_05_01,,task_5_05_01_1,,,,,,,
course_5,,ch_5_05,,les_5_05_02,,task_5_05_02_1,,,,,,,
course_5,,ch_5_05,,les_5_05_03,,task_5_05_03_1,,,,,,,
course_5,,ch_5_05,,les_5_05_04,,task_5_05_04_1,,,,,,,
course_5,,ch_5_05,,les_5_05_05,,task_5_05_05_1,,,,,,,
course_5,,ch_5_05,,les_5_05_06,,task_5_05_06_1,,,,,,,
course_5,,ch_5_05,,les_5_05_07,,task_5_05_07_1,,,,,,,
course_5,,ch_5_05,,les_5_05_08,,task_5_05_08_1,,,,,,,
course_5,,ch_5_05,,les_5_05_09,,task_5_05_09_1,,,,,,,
course_5,,ch_5_05,,les_5_05_10,,task_5_05_10_1,,,,,,,
,,,,,,,,,,,,,
course_5,,ch_5_06,,les_5_06_01,,task_5_06_01_1,,,,,,,
course_5,,ch_5_06,,les_5_06_02,,task_5_06_02_1,,,,,,,
course_5,,ch_5_06,,les_5_06_03,,task_5_06_03_1,,,,,,,
course_5,,ch_5_06,,les_5_06_04,,task_5_06_04_1,,,,,,,
course_5,,ch_5_06,,les_5_06_05,,task_5_06_05_1,,,,,,,
course_5,,ch_5_06,,les_5_06_06,,task_5_06_06_1,,,,,,,
course_5,,ch_5_06,,les_5_06_07,,task_5_06_07_1,,,,,,,
course_5,,ch_5_06,,les_5_06_08,,task_5_06_08_1,,,,,,,
course_5,,ch_5_06,,les_5_06_09,,task_5_06_09_1,,,,,,,
course_5,,ch_5_06,,les_5_06_10,,task_5_06_10_1,,,,,,,
,,,,,,,,,,,,,
course_5,,ch_5_07,,les_5_07_01,,task_5_07_01_1,,,,,,,
course_5,,ch_5_07,,les_5_07_02,,task_5_07_02_1,,,,,,,
course_5,,ch_5_07,,les_5_07_03,,task_5_07_03_1,,,,,,,
course_5,,ch_5_07,,les_5_07_04,,task_5_07_04_1,,,,,,,
course_5,,ch_5_07,,les_5_07_05,,task_5_07_05_1,,,,,,,
course_5,,ch_5_07,,les_5_07_06,,task_5_07_06_1,,,,,,,
course_5,,ch_5_07,,les_5_07_07,,task_5_07_07_1,,,,,,,
course_5,,ch_5_07,,les_5_07_08,,task_5_07_08_1,,,,,,,
course_5,,ch_5_07,,les_5_07_09,,task_5_07_09_1,,,,,,,
course_5,,ch_5_07,,les_5_07_10,,task_5_07_10_1,,,,,,,
,,,,,,,,,,,,,
course_5,,ch_5_08,,les_5_08_01,,task_5_08_01_1,,,,,,,
course_5,,ch_5_08,,les_5_08_02,,task_5_08_02_1,,,,,,,
course_5,,ch_5_08,,les_5_08_03,,task_5_08_03_1,,,,,,,
course_5,,ch_5_08,,les_5_08_04,,task_5_08_04_1,,,,,,,
course_5,,ch_5_08,,les_5_08_05,,task_5_08_05_1,,,,,,,
course_5,,ch_5_08,,les_5_08_06,,task_5_08_06_1,,,,,,,
course_5,,ch_5_08,,les_5_08_07,,task_5_08_07_1,,,,,,,
course_5,,ch_5_08,,les_5_08_08,,task_5_08_08_1,,,,,,,
course_5,,ch_5_08,,les_5_08_09,,task_5_08_09_1,,,,,,,
course_5,,ch_5_08,,les_5_08_10,,task_5_08_10_1,,,,,,,
,,,,,,,,,,,,,
course_5,,ch_5_09,,les_5_09_01,,task_5_09_01_1,,,,,,,
course_5,,ch_5_09,,les_5_09_02,,task_5_09_02_1,,,,,,,
course_5,,ch_5_09,,les_5_09_03,,task_5_09_03_1,,,,,,,
course_5,,ch_5_09,,les_5_09_04,,task_5_09_04_1,,,,,,,
course_5,,ch_5_09,,les_5_09_05,,task_5_09_05_1,,,,,,,
course_5,,ch_5_09,,les_5_09_06,,task_5_09_06_1,,,,,,,
course_5,,ch_5_09,,les_5_09_07,,task_5_09_07_1,,,,,,,
course_5,,ch_5_09,,les_5_09_08,,task_5_09_08_1,,,,,,,
course_5,,ch_5_09,,les_5_09_09,,task_5_09_09_1,,,,,,,
course_5,,ch_5_09,,les_5_09_10,,task_5_09_10_1,,,,,,,
,,,,,,,,,,,,,
course_5,,ch_5_10,,les_5_10_01,,task_5_10_01_1,,,,,,,
course_5,,ch_5_10,,les_5_10_02,,task_5_10_02_1,,,,,,,
course_5,,ch_5_10,,les_5_10_03,,task_5_10_03_1,,,,,,,
course_5,,ch_5_10,,les_5_10_04,,task_5_10_04_1,,,,,,,
course_5,,ch_5_10,,les_5_10_05,,task_5_10_05_1,,,,,,,
course_5,,ch_5_10,,les_5_10_06,,task_5_10_06_1,,,,,,,
course_5,,ch_5_10,,les_5_10_07,,task_5_10_07_1,,,,,,,
course_5,,ch_5_10,,les_5_10_08,,task_5_10_08_1,,,,,,,
course_5,,ch_5_10,,les_5_10_09,,task_5_10_09_1,,,,,,,
course_5,,ch_5_10,,les_5_10_10,,task_5_10_10_1,,,,,,,
,,,,,,,,,,,,,
course_5,,ch_5_11,,les_5_11_01,,task_5_11_01_1,,,,,,,
course_5,,ch_5_11,,les_5_11_02,,task_5_11_02_1,,,,,,,
course_5,,ch_5_11,,les_5_11_03,,task_5_11_03_1,,,,,,,
course_5,,ch_5_11,,les_5_11_04,,task_5_11_04_1,,,,,,,
course_5,,ch_5_11,,les_5_11_05,,task_5_11_05_1,,,,,,,
course_5,,ch_5_11,,les_5_11_06,,task_5_11_06_1,,,,,,,
course_5,,ch_5_11,,les_5_11_07,,task_5_11_07_1,,,,,,,
course_5,,ch_5_11,,les_5_11_08,,task_5_11_08_1,,,,,,,
course_5,,ch_5_11,,les_5_11_09,,task_5_11_09_1,,,,,,,
course_5,,ch_5_11,,les_5_11_10,,task_5_11_10_1,,,,,,,
,,,,,,,,,,,,,
course_5,,ch_5_12,,les_5_12_01,,task_5_12_01_1,,,,,,,
course_5,,ch_5_12,,les_5_12_02,,task_5_12_02_1,,,,,,,
course_5,,ch_5_12,,les_5_12_03,,task_5_12_03_1,,,,,,,
course_5,,ch_5_12,,les_5_12_04,,task_5_12_04_1,,,,,,,
course_5,,ch_5_12,,les_5_12_05,,task_5_12_05_1,,,,,,,
course_5,,ch_5_12,,les_5_12_06,,task_5_12_06_1,,,,,,,
course_5,,ch_5_12,,les_5_12_07,,task_5_12_07_1,,,,,,,
course_5,,ch_5_12,,les_5_12_08,,task_5_12_08_1,,,,,,,
course_5,,ch_5_12,,les_5_12_09,,task_5_12_09_1,,,,,,,
course_5,,ch_5_12,,les_5_12_10,,task_5_12_10_1,,,,,,,
,,,,,,,,,,,,,
course_6,Clinical Data Managemen,ch_6_01,,les_6_01_01,,task_6_01_01_1,,,,,,,
course_6,,ch_6_01,,les_6_01_02,,task_6_01_02_1,,,,,,,
course_6,,ch_6_01,,les_6_01_03,,task_6_01_03_1,,,,,,,
course_6,,ch_6_01,,les_6_01_04,,task_6_01_04_1,,,,,,,
course_6,,ch_6_01,,les_6_01_05,,task_6_01_05_1,,,,,,,
course_6,,ch_6_01,,les_6_01_06,,task_6_01_06_1,,,,,,,
course_6,,ch_6_01,,les_6_01_07,,task_6_01_07_1,,,,,,,
course_6,,ch_6_01,,les_6_01_08,,task_6_01_08_1,,,,,,,
course_6,,ch_6_01,,les_6_01_09,,task_6_01_09_1,,,,,,,
,,,,,,,,,,,,,
course_6,,ch_6_02,,les_6_02_01,,task_6_02_01_1,,,,,,,
course_6,,ch_6_02,,les_6_02_02,,task_6_02_02_1,,,,,,,
course_6,,ch_6_02,,les_6_02_03,,task_6_02_03_1,,,,,,,
course_6,,ch_6_02,,les_6_02_04,,task_6_02_04_1,,,,,,,
course_6,,ch_6_02,,les_6_02_05,,task_6_02_05_1,,,,,,,
course_6,,ch_6_02,,les_6_02_06,,task_6_02_06_1,,,,,,,
course_6,,ch_6_02,,les_6_02_07,,task_6_02_07_1,,,,,,,
course_6,,ch_6_02,,les_6_02_08,,task_6_02_08_1,,,,,,,
course_6,,ch_6_02,,les_6_02_09,,task_6_02_09_1,,,,,,,
course_6,,ch_6_02,,les_6_02_10,,task_6_02_10_1,,,,,,,
,,,,,,,,,,,,,
course_6,,ch_6_03,,les_6_03_01,,task_6_03_01_1,,,,,,,
course_6,,ch_6_03,,les_6_03_02,,task_6_03_02_1,,,,,,,
course_6,,ch_6_03,,les_6_03_03,,task_6_03_03_1,,,,,,,
course_6,,ch_6_03,,les_6_03_04,,task_6_03_04_1,,,,,,,
course_6,,ch_6_03,,les_6_03_05,,task_6_03_05_1,,,,,,,
course_6,,ch_6_03,,les_6_03_06,,task_6_03_06_1,,,,,,,
course_6,,ch_6_03,,les_6_03_07,,task_6_03_07_1,,,,,,,
course_6,,ch_6_03,,les_6_03_08,,task_6_03_08_1,,,,,,,
course_6,,ch_6_03,,les_6_03_09,,task_6_03_09_1,,,,,,,
course_6,,ch_6_03,,les_6_03_10,,task_6_03_10_1,,,,,,,
,,,,,,,,,,,,,
course_6,,ch_6_04,,les_6_04_01,,task_6_04_01_1,,,,,,,
course_6,,ch_6_04,,les_6_04_02,,task_6_04_02_1,,,,,,,
course_6,,ch_6_04,,les_6_04_03,,task_6_04_03_1,,,,,,,
course_6,,ch_6_04,,les_6_04_04,,task_6_04_04_1,,,,,,,
course_6,,ch_6_04,,les_6_04_05,,task_6_04_05_1,,,,,,,
course_6,,ch_6_04,,les_6_04_06,,task_6_04_06_1,,,,,,,
course_6,,ch_6_04,,les_6_04_07,,task_6_04_07_1,,,,,,,
course_6,,ch_6_04,,les_6_04_08,,task_6_04_08_1,,,,,,,
course_6,,ch_6_04,,les_6_04_09,,task_6_04_09_1,,,,,,,
course_6,,ch_6_04,,les_6_04_10,,task_6_04_10_1,,,,,,,
,,,,,,,,,,,,,
course_6,,ch_6_05,,les_6_05_01,,task_6_05_01_1,,,,,,,
course_6,,ch_6_05,,les_6_05_02,,task_6_05_02_1,,,,,,,
course_6,,ch_6_05,,les_6_05_03,,task_6_05_03_1,,,,,,,
course_6,,ch_6_05,,les_6_05_04,,task_6_05_04_1,,,,,,,
course_6,,ch_6_05,,les_6_05_05,,task_6_05_05_1,,,,,,,
course_6,,ch_6_05,,les_6_05_06,,task_6_05_06_1,,,,,,,
course_6,,ch_6_05,,les_6_05_07,,task_6_05_07_1,,,,,,,
course_6,,ch_6_05,,les_6_05_08,,task_6_05_08_1,,,,,,,
course_6,,ch_6_05,,les_6_05_09,,task_6_05_09_1,,,,,,,
course_6,,ch_6_05,,les_6_05_10,,task_6_05_10_1,,,,,,,
,,,,,,,,,,,,,
course_6,,ch_6_06,,les_6_06_01,,task_6_06_01_1,,,,,,,
course_6,,ch_6_06,,les_6_06_02,,task_6_06_02_1,,,,,,,
course_6,,ch_6_06,,les_6_06_03,,task_6_06_03_1,,,,,,,
course_6,,ch_6_06,,les_6_06_04,,task_6_06_04_1,,,,,,,
course_6,,ch_6_06,,les_6_06_05,,task_6_06_05_1,,,,,,,
course_6,,ch_6_06,,les_6_06_06,,task_6_06_06_1,,,,,,,
course_6,,ch_6_06,,les_6_06_07,,task_6_06_07_1,,,,,,,
course_6,,ch_6_06,,les_6_06_08,,task_6_06_08_1,,,,,,,
course_6,,ch_6_06,,les_6_06_09,,task_6_06_09_1,,,,,,,
course_6,,ch_6_06,,les_6_06_10,,task_6_06_10_1,,,,,,,
,,,,,,,,,,,,,
course_6,,ch_6_07,,les_6_07_01,,task_6_07_01_1,,,,,,,
course_6,,ch_6_07,,les_6_07_02,,task_6_07_02_1,,,,,,,
course_6,,ch_6_07,,les_6_07_03,,task_6_07_03_1,,,,,,,
course_6,,ch_6_07,,les_6_07_04,,task_6_07_04_1,,,,,,,
course_6,,ch_6_07,,les_6_07_05,,task_6_07_05_1,,,,,,,
course_6,,ch_6_07,,les_6_07_06,,task_6_07_06_1,,,,,,,
course_6,,ch_6_07,,les_6_07_07,,task_6_07_07_1,,,,,,,
course_6,,ch_6_07,,les_6_07_08,,task_6_07_08_1,,,,,,,
course_6,,ch_6_07,,les_6_07_09,,task_6_07_09_1,,,,,,,
course_6,,ch_6_07,,les_6_07_10,,task_6_07_10_1,,,,,,,
,,,,,,,,,,,,,
course_6,,ch_6_08,,les_6_08_01,,task_6_08_01_1,,,,,,,
course_6,,ch_6_08,,les_6_08_02,,task_6_08_02_1,,,,,,,
course_6,,ch_6_08,,les_6_08_03,,task_6_08_03_1,,,,,,,
course_6,,ch_6_08,,les_6_08_04,,task_6_08_04_1,,,,,,,
course_6,,ch_6_08,,les_6_08_05,,task_6_08_05_1,,,,,,,
course_6,,ch_6_08,,les_6_08_06,,task_6_08_06_1,,,,,,,
course_6,,ch_6_08,,les_6_08_07,,task_6_08_07_1,,,,,,,
course_6,,ch_6_08,,les_6_08_08,,task_6_08_08_1,,,,,,,
course_6,,ch_6_08,,les_6_08_09,,task_6_08_09_1,,,,,,,
course_6,,ch_6_08,,les_6_08_10,,task_6_08_10_1,,,,,,,
,,,,,,,,,,,,,
course_6,,ch_6_09,,les_6_09_01,,task_6_09_01_1,,,,,,,
course_6,,ch_6_09,,les_6_09_02,,task_6_09_02_1,,,,,,,
course_6,,ch_6_09,,les_6_09_03,,task_6_09_03_1,,,,,,,
course_6,,ch_6_09,,les_6_09_04,,task_6_09_04_1,,,,,,,
course_6,,ch_6_09,,les_6_09_05,,task_6_09_05_1,,,,,,,
course_6,,ch_6_09,,les_6_09_06,,task_6_09_06_1,,,,,,,
course_6,,ch_6_09,,les_6_09_07,,task_6_09_07_1,,,,,,,
course_6,,ch_6_09,,les_6_09_08,,task_6_09_08_1,,,,,,,
course_6,,ch_6_09,,les_6_09_09,,task_6_09_09_1,,,,,,,
course_6,,ch_6_09,,les_6_09_10,,task_6_09_10_1,,,,,,,
,,,,,,,,,,,,,
course_6,,ch_6_10,,les_6_10_01,,task_6_10_01_1,,,,,,,
course_6,,ch_6_10,,les_6_10_02,,task_6_10_02_1,,,,,,,
course_6,,ch_6_10,,les_6_10_03,,task_6_10_03_1,,,,,,,
course_6,,ch_6_10,,les_6_10_04,,task_6_10_04_1,,,,,,,
course_6,,ch_6_10,,les_6_10_05,,task_6_10_05_1,,,,,,,
course_6,,ch_6_10,,les_6_10_06,,task_6_10_06_1,,,,,,,
course_6,,ch_6_10,,les_6_10_07,,task_6_10_07_1,,,,,,,
course_6,,ch_6_10,,les_6_10_08,,task_6_10_08_1,,,,,,,
course_6,,ch_6_10,,les_6_10_09,,task_6_10_09_1,,,,,,,
course_6,,ch_6_10,,les_6_10_10,,task_6_10_10_1,,,,,,,
,,,,,,,,,,,,,
course_6,,ch_6_11,,les_6_11_01,,task_6_11_01_1,,,,,,,
course_6,,ch_6_11,,les_6_11_02,,task_6_11_02_1,,,,,,,
course_6,,ch_6_11,,les_6_11_03,,task_6_11_03_1,,,,,,,
course_6,,ch_6_11,,les_6_11_04,,task_6_11_04_1,,,,,,,
course_6,,ch_6_11,,les_6_11_05,,task_6_11_05_1,,,,,,,
course_6,,ch_6_11,,les_6_11_06,,task_6_11_06_1,,,,,,,
course_6,,ch_6_11,,les_6_11_07,,task_6_11_07_1,,,,,,,
course_6,,ch_6_11,,les_6_11_08,,task_6_11_08_1,,,,,,,
course_6,,ch_6_11,,les_6_11_09,,task_6_11_09_1,,,,,,,
course_6,,ch_6_11,,les_6_11_10,,task_6_11_10_1,,,,,,,
,,,,,,,,,,,,,
course_6,,ch_6_12,,les_6_12_01,,task_6_12_01_1,,,,,,,
course_6,,ch_6_12,,les_6_12_02,,task_6_12_02_1,,,,,,,
course_6,,ch_6_12,,les_6_12_03,,task_6_12_03_1,,,,,,,
course_6,,ch_6_12,,les_6_12_04,,task_6_12_04_1,,,,,,,
course_6,,ch_6_12,,les_6_12_05,,task_6_12_05_1,,,,,,,
course_6,,ch_6_12,,les_6_12_06,,task_6_12_06_1,,,,,,,
course_6,,ch_6_12,,les_6_12_07,,task_6_12_07_1,,,,,,,
course_6,,ch_6_12,,les_6_12_08,,task_6_12_08_1,,,,,,,
course_6,,ch_6_12,,les_6_12_09,,task_6_12_09_1,,,,,,,
course_6,,ch_6_12,,les_6_12_10,,task_6_12_10_1,,,,,,,

