courseId,chapterId,lessonId,topicId,topicTitle,videoUrl,description,order
course_1,ch_1_01,les_1_01_01,topic_1_01_01_1,Entering the Battlefield – QMS Basics & SOP Gap Review,https://www.youtube.com/watch?v=rAfeJBhGwYQ,"Unlock the essentials of Quality Management Systems (QMS) and discover how to identify and fix SOP gaps. This video provides quick, practical insights to boost your organization’s quality and compliance. Perfect for beginners and quality professionals!",1
course_1,ch_1_01,les_1_01_02,topic_1_01_02_1,Control the Arsenal – Document Versioning & Register Mastery,https://www.youtube.com/watch?v=-WWk8gdnqCc,"Master the art of document control with this guide on versioning and register management. Learn how to keep your records accurate, up-to-date, and audit-ready, ensuring your organization stays compliant and efficient. Perfect for anyone managing quality or regulatory documents!",1
course_1,ch_1_01,les_1_01_03,topic_1_01_03_1,Spot the Breach – Deviation Detection & Rapid Reporting,https://www.youtube.com/watch?v=JvIG72rXh6Y,"Quickly identify deviations and learn rapid reporting techniques to protect your organization’s quality standards. This video covers practical methods to spot breaches early and streamline incident reporting, helping you maintain compliance and prevent bigger issues. Ideal for quality teams and process owners!",1
course_1,ch_1_01,les_1_01_04,topic_1_01_04_1,Strike Back – Root Cause Analysis & CAPA Drafting,https://www.youtube.com/watch?v=f_-7oeQJJi0,"Learn how to tackle problems head-on with effective Root Cause Analysis and CAPA drafting. This video shows you how to uncover the real issues behind deviations and create strong corrective and preventive action plans, keeping your quality system robust and proactive. Perfect for professionals aiming to drive continual improvement",1
course_1,ch_1_01,les_1_01_05,topic_1_01_05_1,First Combat Drill – Internal Audit & Document Inspection Simulation,https://www.youtube.com/watch?v=9mNaAf98Ce8,"Step into your first quality combat drill with an engaging simulation of internal audits and document inspections. This video guides you through practical techniques for auditing and reviewing documents, helping you build confidence and sharpen your skills for real-world compliance challenges. Ideal for beginners and aspiring auditors!",1
course_1,ch_1_01,les_1_01_06,topic_1_01_06_1,Defend the Lab – OOS/OOT Identification & First-line Investigation,https://www.youtube.com/watch?v=rj0NVCIxpKc,"Strengthen your lab’s defenses by mastering OOS (Out of Specification) and OOT (Out of Trend) identification and first-line investigations. This video teaches you how to spot unusual results quickly and initiate effective preliminary actions, safeguarding data integrity and compliance. Perfect for analysts and lab supervisors!",1
course_1,ch_1_01,les_1_01_07,topic_1_01_07_1,Guard the Data – ALCOA+ & Data Integrity Auditing,https://www.youtube.com/watch?v=oBztDkHzpWY,"Learn how to protect your organization’s data with ALCOA+ principles and data integrity auditing. This video explains the pillars of data integrity—Attributable, Legible, Contemporaneous, Original, Accurate, plus additional criteria—and provides practical tips for effective audits. Essential viewing for lab professionals and quality managers!",1
course_1,ch_1_01,les_1_01_08,topic_1_01_08_1,Full-Scale Operation – Deviation to CAPA Lifecycle Simulation,https://www.youtube.com/watch?v=jIEbLMx4QIE,"Experience a full-scale quality operation with this simulation of the entire lifecycle from deviation detection to CAPA implementation. This video walks you through each step—identifying a deviation, investigating the root cause, drafting CAPA, and ensuring follow-up—offering practical insights for managing quality events efficiently. Ideal for quality assurance professionals and teams!",1
course_1,ch_1_01,les_1_01_09,topic_1_01_09_1,The War Game – Integrated QA/QC Crisis Assignment,https://www.youtube.com/watch?v=qBimzO6lthA,"Step into “The War Game” with an integrated QA/QC crisis assignment simulation. This video challenges you to handle real-world quality assurance and quality control emergencies, coordinating rapid responses, investigations, and solutions. Build teamwork, sharpen decision-making, and prepare for any QA/QC crisis!",1
course_1,ch_1_02,les_1_02_01,topic_1_02_01_1,Entering the Ward Zone – Hospital QMS Framework & Accreditation Codes,https://www.youtube.com/watch?v=KQ0IWnrakRQ,"Introduces the hospital QMS framework and accreditation standards to ensure consistent, high-quality care delivery. Strengthens compliance, quality assurance, and drives continuous improvement across all clinical operations.",1
course_1,ch_1_02,les_1_02_02,topic_1_02_02_1,Code Control – SOP Command Chains & Access Authority,https://www.youtube.com/watch?v=L2NNbN50B9Y,"Defines structured SOP chains and access authority to maintain operational discipline. Ensures accountability, compliance, and secure execution of critical healthcare protocols.",1
course_1,ch_1_02,les_1_02_03,topic_1_02_03_1,Vitals Check – Patient Safety Indicators & Risk Flagging,https://www.youtube.com/watch?v=5OxvXhI69Wo,Enables real-time monitoring of key health parameters with early warning alerts. Supports timely interventions to improve patient safety and clinical outcomes.,1
course_1,ch_1_02,les_1_02_04,topic_1_02_04_1,Contain the Breach – Incident Reporting & Escalation Pathways,https://www.youtube.com/watch?v=sgbmYFiz9JU,Implements a streamlined incident reporting and escalation process for rapid risk mitigation. Enhances accountability and reinforces healthcare safety compliance.,1
course_1,ch_1_02,les_1_02_05,topic_1_02_05_1,Biohazard Defense – Infection Control Protocols & Isolation Measures,https://www.youtube.com/watch?v=hioSDMy5SV8,Enforces stringent infection control protocols and isolation measures to prevent contamination. Protects patients and staff while meeting global healthcare safety standards.,1
course_1,ch_1_02,les_1_02_06,topic_1_02_06_1,Guard the Records – EMR/EHR Data Integrity & Access Logs,https://www.youtube.com/watch?v=VXiqaXK7BfQ,"Safeguards EMR/EHR integrity through robust data security and access control. Maintains accurate patient records, ensuring trust, compliance, and reliable clinical decisions.",1
course_1,ch_1_02,les_1_02_07,topic_1_02_07_1,First Hospital Drill – Ward & Facility Compliance Sweep,https://www.youtube.com/watch?v=iI9E3Z0FPHo,"Conducts a comprehensive ward and facility compliance audit to verify safety standards. Reinforces best practices, reduces risk, and strengthens hospital-wide quality systems.",1
course_1,ch_1_02,les_1_02_08,topic_1_02_08_1,Emergency Response Simulation – From Alarm to Action,https://www.youtube.com/watch?v=_zeRsyp-8s8,"Prepares teams for real-world emergencies with rapid response training. Enhances coordination, confidence, and effectiveness in critical situations.",1
course_1,ch_1_02,les_1_02_09,topic_1_02_09_1,The Grand Ward Game – Multi-Department QA/QC Coordination Challenge,https://www.youtube.com/watch?v=dJEf1Vgr9No,Promotes interdepartmental collaboration through a dynamic QA/QC challenge. Encourages teamwork while driving compliance and improving quality performance.,1
course_1,ch_1_02,les_1_02_10,topic_1_02_10_1,Command Debrief – Findings Review & Strategy Redesign,https://www.youtube.com/watch?v=vi1twOsoZJ0,Delivers a data-driven review of audit and simulation outcomes. Provides actionable insights to optimize processes and elevate operational efficiency.,1
course_1,ch_1_03,les_1_03_01,topic_1_03_01_1,"Blueprint of GMP – Principles, History & Core Requirements",https://www.youtube.com/watch?v=1o-6_AG4FpM ,"Provides a concise overview of GMP, tracing its history, core principles, and regulatory requirements to ensure compliant and efficient pharmaceutical operations.",1
course_1,ch_1_03,les_1_03_02,topic_1_03_02_1,Facility Fortress – Cleanroom Classifications & Environmental Controls,https://www.youtube.com/watch?v=pPFCWyd1ERs ,Covers cleanroom classifications and environmental control standards.Ensures facility compliance and optimal operational hygiene.,1
course_1,ch_1_03,les_1_03_03,topic_1_03_03_1,"Personnel in Command – Gowning, Hygiene & Cross-Contamination Barriers",https://www.youtube.com/watch?v=Us0W2VCIBSM ,"Covers proper gowning, hygiene practices, and barriers to prevent cross-contamination. These measures ensure personnel maintain product integrity and a safe manufacturing environment.",1
course_1,ch_1_03,les_1_03_04,topic_1_03_04_1,"Documented Truth – Batch Records, Logbooks & Controlled Documentation",https://www.youtube.com/watch?v=j0fzFGN4-iY,"Batch records, logbooks, and controlled documentation form the backbone of GMP compliance. They ensure accuracy, traceability, and reliability in all manufacturing processes.",1
course_1,ch_1_03,les_1_03_05,topic_1_03_05_1,"Raw Material Gatekeeping – Sampling, Storage & Supplier Qualification",https://www.youtube.com/watch?v=ObgszmeRzlQ,"Sampling, storage, and supplier qualification ensure raw materials meet quality standards. These practices safeguard product integrity and support regulatory compliance.",1
course_1,ch_1_03,les_1_03_06,topic_1_03_06_1,"Line of Defense – Equipment Validation, Cleaning & Maintenance Cycles",https://www.youtube.com/watch?v=nQhaM161mS0,"Equipment validation, cleaning, and maintenance cycles ensure reliable and compliant operations. These practices protect product quality and minimize operational risks.",1
course_1,ch_1_03,les_1_03_07,topic_1_03_07_1,The Critical Path – Process Validation & Change Control Systems,https://www.youtube.com/watch?v=EiKo4GCcCak,Process validation and change control systems ensure consistent product quality. They streamline operations while maintaining regulatory compliance and control.,1
course_1,ch_1_03,les_1_03_08,topic_1_03_08_1,Quality on the Floor – In-Process Controls & Batch Release Protocols,https://www.youtube.com/watch?v=zD127-VckOs,"In-process controls and batch release protocols ensure products meet quality standards. They enable safe, efficient, and compliant manufacturing operations.",1
course_1,ch_1_03,les_1_03_09,topic_1_03_09_1,"Regulatory Battlefield – WHO, USFDA, EU vs Indian GMP Codes",https://www.youtube.com/watch?v=Aw0N6AMLAZ4,"WHO, USFDA, EU, and Indian GMP codes define global regulatory standards. Understanding these frameworks ensures compliance and smooth international operations.",1
course_1,ch_1_03,les_1_03_10,topic_1_03_10_1,GMP War Game – Full-Scale Production Floor Compliance Simulation,https://www.youtube.com/watch?v=rNORcBFrjnk,"Full-scale production floor simulations train teams in GMP compliance. They enhance readiness, accuracy, and operational efficiency in real-world scenarios.",1
course_1,ch_1_04,les_1_04_01,topic_1_04_01_1,"The SOP Arsenal – Structure, Scope & Regulatory Mandates",https://www.youtube.com/watch?v=rLGGupfiEJ0,"Standard Operating Procedures define structure, scope, and regulatory requirements. They ensure consistent, compliant, and efficient operations across all processes.",1
course_1,ch_1_04,les_1_04_02,topic_1_04_02_1,"Writing That Commands – Clarity, Precision & Zero-Ambiguity Rules",https://www.youtube.com/watch?v=qOWsIu0rBLc,"Clarity, precision, and zero-ambiguity rules guide effective documentation. They ensure instructions are accurate, compliant, and easily actionable.",1
course_1,ch_1_04,les_1_04_03,topic_1_04_03_1,"Controlled Evolution – Version Control, Review Cycles & Change Logs",https://www.youtube.com/watch?v=Qx_sB282BGQ,"Version control, review cycles, and change logs manage document evolution. They ensure traceability, accountability, and regulatory compliance.",1
course_1,ch_1_04,les_1_04_04,topic_1_04_04_1,"Validation Warfare – IQ, OQ, PQ & System Qualification Essentials",https://www.youtube.com/watch?v=VvZ7N9_461g,"IQ, OQ, PQ, and system qualifications ensure equipment and processes perform reliably. These validations safeguard product quality and regulatory compliance.",1
course_1,ch_1_04,les_1_04_05,topic_1_04_05_1,"Critical Protocols – Cleaning, Equipment & Safety SOPs in Action",https://www.youtube.com/watch?v=ObZf0j7a7e0,"Cleaning, equipment, and safety SOPs guide critical operational protocols. They ensure compliance, efficiency, and a safe manufacturing environment.",1
course_1,ch_1_04,les_1_04_06,topic_1_04_06_1,"Human Factor – Training, Compliance Tracking & Competency Records",https://www.youtube.com/watch?v=Z-oIR_f8wqM,"Training, compliance tracking, and competency records manage human factors in operations. They ensure staff are skilled, accountable, and aligned with GMP standards.",1
course_1,ch_1_04,les_1_04_07,topic_1_04_07_1,Gaps & Breaches – SOP Deviation Handling & Escalation Models,https://www.youtube.com/watch?v=CtSjUi44J4M,SOP deviations and escalation models address operational gaps and breaches. They ensure timely corrective actions and maintain compliance integrity.,1
course_1,ch_1_04,les_1_04_08,topic_1_04_08_1,"Digital Command – eSOP Systems, Access Hierarchies & 21 CFR Part 11",https://www.youtube.com/watch?v=u8o1JYsZSvI,"eSOP systems, access hierarchies, and 21 CFR Part 11 compliance digitize documentation control. They ensure secure, traceable, and regulatory-aligned operations.",1
course_1,ch_1_04,les_1_04_09,topic_1_04_09_1,Audit Crossfire – SOP Review Under Regulatory Inspection Pressure,https://www.youtube.com/watch?v=xws2FipkAAQ,"SOP reviews under regulatory inspections ensure audit readiness. They identify gaps, enforce compliance, and strengthen operational accountability.",1
course_1,ch_1_04,les_1_04_10,topic_1_04_10_1,The Validation Gauntlet – Full-Scale SOP Creation & Enforcement Drill,https://www.youtube.com/watch?v=Eucs_vDipA4,"Full-scale SOP creation and enforcement drills test process rigor. They ensure thorough validation, compliance, and operational excellence.",1
course_1,ch_1_05,les_1_05_01,topic_1_05_01_1,Breach Point – Types of Deviations & First-Response Protocols,https://www.youtube.com/watch?v=wVEjckm5qZ4,Types of deviations and first-response protocols define breach management. They ensure swift corrective actions and maintain process integrity.,1
course_1,ch_1_05,les_1_05_02,topic_1_05_02_1,Rapid Fire – Immediate Containment & Impact Assessment Tactics,https://www.youtube.com/watch?v=fO3aB0hXaDg,Immediate containment and impact assessment tactics enable rapid response. They minimize risks and ensure operational continuity.,1
course_1,ch_1_05,les_1_05_03,topic_1_05_03_1,"Data Drill – Deviation Registers, Logs & Trending Analysis",https://www.youtube.com/watch?v=XqtEWbdK1p0,"Deviation registers, logs, and trending analysis track operational anomalies. They provide actionable insights to prevent recurrence and improve compliance.",1
course_1,ch_1_05,les_1_05_04,topic_1_05_04_1,"Mapping the Chaos – Fishbone, 5 Whys & Fault Tree Tools",https://www.youtube.com/watch?v=k6zpnkoODpE,"Fishbone diagrams, 5 Whys, and fault tree tools analyze root causes of issues. They streamline problem-solving and strengthen process reliability.",1
course_1,ch_1_05,les_1_05_05,topic_1_05_05_1,Root Cause Warfare – From Symptom to True Origin,https://www.youtube.com/watch?v=dqfTSByCy-o,Root cause analysis traces issues from symptoms to their true origin. It drives effective corrective actions and long-term process improvement.,1
course_1,ch_1_05,les_1_05_06,topic_1_05_06_1,Crossfire Controls – Human Error vs Systemic Failure Distinction,https://www.youtube.com/watch?v=4iZF5O4EnbM,Distinguishing human errors from systemic failures sharpens control strategies. It enables targeted interventions and strengthens process reliability.,1
course_1,ch_1_05,les_1_05_07,topic_1_05_07_1,"Evidence Arsenal – Documentation, Witness Reports & Proof Trails",https://www.youtube.com/watch?v=wNOI6FgeTys,"Documentation, witness reports, and proof trails build a robust evidence arsenal. They ensure accountability, traceability, and regulatory compliance.",1
course_1,ch_1_05,les_1_05_08,topic_1_05_08_1,"The Escalation Ladder – Minor, Major, Critical Deviation Handling",https://www.youtube.com/watch?v=4UQxkme7k5M,"Minor, major, and critical deviations are managed through structured escalation ladders. This ensures timely resolution and maintains process integrity.",1
course_1,ch_1_05,les_1_05_09,topic_1_05_09_1,Simulation Siege – End-to-End Deviation Case Battle,https://www.youtube.com/watch?v=QNwBjlmlWUM,"End-to-end deviation case simulations test response strategies. They enhance readiness, decision-making, and compliance under realistic scenarios.",1
course_1,ch_1_06,les_1_06_01,topic_1_06_01_1,CAPA Command – Core Concepts & Regulatory Expectations,https://www.youtube.com/watch?v=wetTEunxb2I,Core CAPA concepts define corrective and preventive strategies. They align processes with regulatory expectations and ensure continuous quality improvement.,1
course_1,ch_1_06,les_1_06_02,topic_1_06_02_1,From Firefight to Framework – CAPA Lifecycle Stages Explained,https://www.youtube.com/watch?v=u2JvvN7Djrc,The CAPA lifecycle guides issues from identification to closure. Structured stages ensure consistent resolution and compliance.,1
course_1,ch_1_06,les_1_06_03,topic_1_06_03_1,AI at the Frontline – Machine Learning for Deviation Pattern Detection,https://www.youtube.com/watch?v=SQp_exO_INU,Machine learning detects deviation patterns in real time. This accelerates root cause identification and preventive planning.,1
course_1,ch_1_06,les_1_06_04,topic_1_06_04_1,"Smart Triggers – Automated Alerts, Dashboards & Risk Prioritization",https://www.youtube.com/watch?v=CWpIQx1vwFE,Automated alerts and dashboards enable proactive risk management. They prioritize actions and improve operational oversight.,1
course_1,ch_1_06,les_1_06_05,topic_1_06_05_1,Escalation Pathways – Local vs Global CAPA Decision Chains,https://www.youtube.com/watch?v=sJ8md53XM08,"Local and global decision chains guide deviation escalation. They ensure timely, appropriate, and compliant interventions.",1
course_1,ch_1_06,les_1_06_06,topic_1_06_06_1,Precision Counterstrikes – Corrective vs Preventive Action Differentiation,https://www.youtube.com/watch?v=a2zLoRZtmFs,Differentiating corrective and preventive actions sharpens CAPA effectiveness. It ensures targeted responses and long-term process stability.,1
course_1,ch_1_06,les_1_06_07,topic_1_06_07_1,Evidence Intelligence – AI-Supported Root Cause Verification,https://www.youtube.com/watch?v=0uLXY-l5Ik4,AI-supported verification strengthens evidence for root cause analysis. It improves accuracy and regulatory defensibility.,1
course_1,ch_1_06,les_1_06_08,topic_1_06_08_1,"System Defense – Integrating CAPA with QMS, LIMS & eTMF Platforms",https://www.youtube.com/watch?v=_oufzayrB1I,"Integrating CAPA with QMS, LIMS, and eTMF platforms ensures seamless compliance. It centralizes data for efficiency and audit readiness.",1
course_1,ch_1_06,les_1_06_09,topic_1_06_09_1,Audit Heat – CAPA Case Studies Under FDA/WHO Inspection Pressure,https://www.youtube.com/watch?v=EFiCnWnJLpE,CAPA case studies under regulatory scrutiny reveal best practices. They highlight strategies to maintain compliance under inspection pressure.,1
course_1,ch_1_06,les_1_06_10,topic_1_06_10_1,The CAPA War Room – AI-Simulated Escalation & Full CAPA Closure Drill,https://www.youtube.com/watch?v=XoBIXpkZgwg,"AI-driven simulations test full CAPA escalation and closure. They enhance readiness, decision-making, and process control.",1
course_1,ch_1_07,les_1_07_01,topic_1_07_01_1,The QC Arsenal – Core Instruments & Lab Infrastructure Mastery,https://www.youtube.com/watch?v=,Mastery of core QC instruments and lab infrastructure ensures reliable testing. It supports accurate results and regulatory compliance.,1
course_1,ch_1_07,les_1_07_02,topic_1_07_02_1,"Calibration Warfare – Principles, Schedules & Tolerance Limits",https://www.youtube.com/watch?v=,"Calibration principles, schedules, and tolerance limits maintain instrument accuracy. Regular checks prevent deviations and ensure data integrity.",1
course_1,ch_1_07,les_1_07_03,topic_1_07_03_1,"Weapons Check – Balances, pH Meters & Pipette Accuracy Control",https://www.youtube.com/watch?v=,"Routine verification of balances, pH meters, and pipettes ensures precise measurements. This safeguards test reliability and product quality.",1
course_1,ch_1_07,les_1_07_04,topic_1_07_04_1,"Spectral Command – UV-Vis, IR & HPLC Basics for QC Ops",https://www.youtube.com/watch?v=,"UV-Vis, IR, and HPLC fundamentals underpin QC operations. They enable accurate analysis and consistent laboratory performance.",1
course_1,ch_1_07,les_1_07_05,topic_1_07_05_1,Chromatography Frontline – HPLC/GC System Suitability & Validation,https://www.youtube.com/watch?v=,HPLC and GC system suitability and validation ensure chromatographic reliability. They prevent errors and maintain compliance with regulatory standards.,1
course_1,ch_1_07,les_1_07_06,topic_1_07_06_1,"Microbial Patrol – Sterility, Endotoxin & Environmental Monitoring Tools",https://www.youtube.com/watch?v=,"Sterility, endotoxin, and environmental monitoring tools track microbial risks. These practices protect product safety and laboratory compliance.",1
course_1,ch_1_07,les_1_07_07,topic_1_07_07_1,"Wet Lab Combat – Titrations, Dissolution & Stability Testing in Practice",https://www.youtube.com/watch?v=,"Practical titrations, dissolution, and stability testing validate product quality. Hands-on skills ensure accurate and reproducible results.",1
course_1,ch_1_07,les_1_07_08,topic_1_07_08_1,Break the System – Handling Out-of-Calibration & OOT Data,https://www.youtube.com/watch?v=,Managing out-of-calibration and OOT data prevents erroneous results. Structured approaches maintain data integrity and compliance.,1
course_1,ch_1_07,les_1_07_09,topic_1_07_09_1,"The QC Audit Zone – Equipment Logs, Calibration Certificates & Compliance",https://www.youtube.com/watch?v=,Maintaining logs and calibration certificates ensures audit readiness. It reinforces regulatory adherence and operational transparency.,1
course_1,ch_1_07,les_1_07_10,topic_1_07_10_1,The Ultimate Lab Drill – Full-Scale QC Instrumentation & Wet Lab Simulation,https://www.youtube.com/watch?v=,"Full-scale lab simulations test instrumentation and QC workflows. They enhance practical skills, accuracy, and compliance under realistic conditions.",1
course_1,ch_1_08,les_1_08_01,topic_1_08_01_1,"Digital Battlefield – eQMS, eTMF & LIMS Foundations",https://www.youtube.com/watch?v=,"Foundational knowledge of eQMS, eTMF, and LIMS ensures digital QA/QC efficiency. It enables streamlined workflows and regulatory compliance.",1
course_1,ch_1_08,les_1_08_02,topic_1_08_02_1,Data Armor – ALCOA+ in Digital Records & Part 11 Compliance,https://www.youtube.com/watch?v=,"ALCOA+ principles and Part 11 compliance protect digital records. They ensure integrity, accuracy, and audit readiness.",1
course_1,ch_1_08,les_1_08_03,topic_1_08_03_1,"Chain of Truth – Metadata, Audit Trails & System Logs",https://www.youtube.com/watch?v=,"Metadata, audit trails, and system logs maintain a reliable digital record chain. They enhance traceability and accountability.",1
course_1,ch_1_08,les_1_08_04,topic_1_08_04_1,"Secure the Vault – Access Control, Authentication & Cybersecurity in QA",https://www.youtube.com/watch?v=,Robust access control and cybersecurity protect QA data. These measures safeguard sensitive information and maintain compliance.,1
course_1,ch_1_08,les_1_08_05,topic_1_08_05_1,Real-Time Intel – Electronic Batch Records & Live Data Monitoring,https://www.youtube.com/watch?v=,Electronic batch records and live monitoring provide real-time operational insights. They enable prompt decision-making and error prevention.,1
course_1,ch_1_08,les_1_08_06,topic_1_08_06_1,"Document Crossfire – Versioning, Archiving & Retrieval in Digital Systems",https://www.youtube.com/watch?v=,"Version control, archiving, and retrieval streamline digital documentation management. They ensure traceability, compliance, and efficiency.",1
course_1,ch_1_08,les_1_08_07,topic_1_08_07_1,"Audit Shockwaves – Regulatory Expectations for eDocs (FDA, EMA, WHO)",https://www.youtube.com/watch?v=,"Understanding regulatory expectations for eDocs ensures digital audit readiness. It strengthens compliance under FDA, EMA, and WHO scrutiny.",1
course_1,ch_1_08,les_1_08_08,topic_1_08_08_1,Inspection Readiness – Mock Digital Audits & Surprise Drill Tactics,https://www.youtube.com/watch?v=,Mock audits and surprise drills prepare teams for digital inspections. They identify gaps and reinforce operational readiness.,1
course_1,ch_1_08,les_1_08_09,topic_1_08_09_1,The Paperless War Game – Transitioning from Paper to Digital QA/QC,https://www.youtube.com/watch?v=,"Transitioning to digital QA/QC replaces paper workflows with efficient electronic systems. This enhances accuracy, accessibility, and compliance.",1
course_1,ch_1_08,les_1_08_10,topic_1_08_10_1,Digital Siege Simulation – Full-Scale Audit in a Virtual QMS Environment,https://www.youtube.com/watch?v=,"Virtual QMS simulations replicate full-scale audits to test readiness. They build skills, identify risks, and ensure compliance under realistic scenarios.",1
course_1,ch_1_09,les_1_09_01,topic_1_09_01_1,Regulatory Battlefield – Global vs Local Quality Standards Overview,https://www.youtube.com/watch?v=,Global and local quality standards guide compliance frameworks. Understanding them ensures harmonized operations and regulatory readiness.,1
course_1,ch_1_09,les_1_09_02,topic_1_09_02_1,"FDA Frontline – 21 CFR Parts 210, 211 & Inspection Focus Points",https://www.youtube.com/watch?v=,21 CFR Parts 210 and 211 highlight critical FDA inspection areas. Mastery ensures adherence and smooth audit outcomes.,1
course_1,ch_1_09,les_1_09_03,topic_1_09_03_1,"WHO Watchtower – GMP, GCP & Global Pre-qualification Standards",https://www.youtube.com/watch?v=,"WHO GMP, GCP, and pre-qualification standards define global compliance expectations. They safeguard quality across international operations.",1
course_1,ch_1_09,les_1_09_04,topic_1_09_04_1,"ISO Arsenal – ISO 9001, 13485 & Risk-Based Quality Systems",https://www.youtube.com/watch?v=,ISO 9001 and 13485 frameworks implement risk-based quality management. They strengthen processes and enhance audit readiness.,1
course_1,ch_1_09,les_1_09_05,topic_1_09_05_1,NABH Command – Hospital Accreditation Standards & Compliance Protocols,https://www.youtube.com/watch?v=,NABH standards ensure hospital quality and patient safety. Compliance protocols maintain operational excellence and accreditation readiness.,1
course_1,ch_1_09,les_1_09_06,topic_1_09_06_1,"Regulatory Crossfire – Gap Analysis Across FDA, WHO, ISO, NABH",https://www.youtube.com/watch?v=,Gap analyses across multiple frameworks identify compliance shortfalls. Targeted actions bridge gaps and align processes with global standards.,1
course_1,ch_1_09,les_1_09_07,topic_1_09_07_1,Survival Drills – Mock FDA Audit with CAPA Response,https://www.youtube.com/watch?v=,Mock FDA audits test readiness and CAPA responsiveness. They build confidence and reinforce regulatory compliance.,1
course_1,ch_1_09,les_1_09_08,topic_1_09_08_1,Hospital Heat – NABH Inspection Simulation & Corrective Actions,https://www.youtube.com/watch?v=,NABH inspection simulations prepare hospitals for real audits. Corrective actions address gaps and ensure patient safety standards.,1
course_1,ch_1_09,les_1_09_09,topic_1_09_09_1,Multi-Front Combat – Parallel Audit Simulation (FDA + NABH + ISO),https://www.youtube.com/watch?v=,"Parallel audits simulate multiple regulatory inspections simultaneously. They enhance coordination, readiness, and process reliability.",1
course_1,ch_1_09,les_1_09_10,topic_1_09_10_1,"Mentor War Council – Oral Defense, Regulatory Simulation Feedback (Mentorship)",https://www.youtube.com/watch?v=,Oral defenses and simulation feedback refine regulatory knowledge. Mentorship strengthens decision-making and audit preparedness.,1
course_1,ch_1_10,les_1_10_01,topic_1_10_01_1,Audit Arsenal – Internal Audit Mastery & SOP Playbook,https://www.youtube.com/watch?v=,Master internal audit techniques and SOP strategies. Build the skills to ensure thorough compliance and process integrity.,1
course_1,ch_1_10,les_1_10_02,topic_1_10_02_1,Audit Triggers – Risk-Based Planning & Pre-Audit Prep,https://www.youtube.com/watch?v=,Risk-based audit planning and pre-audit preparation anticipate potential issues. They streamline audits and enhance readiness.,1
course_1,ch_1_10,les_1_10_03,topic_1_10_03_1,"Audit Evidence – Document Tracing, Data Integrity & Records Mastery",https://www.youtube.com/watch?v=,"Trace documents, ensure data integrity, and maintain precise records. Solid evidence supports compliance and audit defense.",1
course_1,ch_1_10,les_1_10_04,topic_1_10_04_1,Interview Shield – Staff Q&A Handling Under Pressure,https://www.youtube.com/watch?v=,Handle staff interviews and Q&A under scrutiny with confidence. This ensures accurate information flow and audit preparedness.,1
course_1,ch_1_10,les_1_10_05,topic_1_10_05_1,Simulation 1 – Mock Internal Audit of Pharma Manufacturing Line,https://www.youtube.com/watch?v=,"Simulate a full-scale pharma manufacturing audit. Identify gaps, reinforce compliance, and practice corrective actions.",1
course_1,ch_1_10,les_1_10_06,topic_1_10_06_1,"Hospital Audit Core – Patient Records, Pharmacy & ICU Quality Checks",https://www.youtube.com/watch?v=,"Audit patient records, pharmacy, and ICU processes to ensure standards. These checks safeguard quality and regulatory compliance.",1
course_1,ch_1_10,les_1_10_07,topic_1_10_07_1,"Digital Audits – eTMF, CTMS & Audit Trails in Electronic Systems",https://www.youtube.com/watch?v=,Conduct audits in electronic systems like eTMF and CTMS. Ensure digital traceability and regulatory adherence.,1
course_1,ch_1_10,les_1_10_08,topic_1_10_08_1,Simulation 2 – Surprise Hospital Internal Audit with Red Flag Detection,https://www.youtube.com/watch?v=,Run surprise audits to detect red flags in hospital operations. They test readiness and strengthen corrective protocols.,1
course_1,ch_1_10,les_1_10_09,topic_1_10_09_1,Survival Drill – Crisis Management During a Failing Audit Scenario,https://www.youtube.com/watch?v=,Manage crises effectively during audit failures. Immediate actions prevent escalation and restore compliance.,1
course_1,ch_1_11,les_1_11_01,topic_1_11_01_1,CAPA Command – Foundations of Corrective & Preventive Action,https://www.youtube.com/watch?v=,Learn core CAPA principles to manage deviations effectively. Establish structured corrective and preventive strategies for compliance.,1
course_1,ch_1_11,les_1_11_02,topic_1_11_02_1,"Root Cause Warfare – Fishbone, 5 Whys & Advanced RCA Tools",https://www.youtube.com/watch?v=,"Use Fishbone, 5 Whys, and advanced RCA tools to identify true root causes. Drive effective corrective actions and process improvements.",1
course_1,ch_1_11,les_1_11_03,topic_1_11_03_1,CAPA Documentation – Industry-Grade Templates & Compliance Writing,https://www.youtube.com/watch?v=,"Draft CAPA documents using industry-standard templates. Ensure clarity, traceability, and regulatory compliance.",1
course_1,ch_1_11,les_1_11_04,topic_1_11_04_1,"Risk Radar – FMEA, HACCP & Pharma/Hospital Risk Matrices",https://www.youtube.com/watch?v=,"Apply FMEA, HACCP, and risk matrices to anticipate failures. Prioritize risks to enhance safety and operational integrity.",1
course_1,ch_1_11,les_1_11_05,topic_1_11_05_1,Simulation 1 – Root Cause Analysis & CAPA Drafting for a Pharma Deviation,https://www.youtube.com/watch?v=,Practice RCA and CAPA drafting in pharma scenarios. Gain hands-on skills to resolve deviations efficiently.,1
course_1,ch_1_11,les_1_11_06,topic_1_11_06_1,Hospital CAPA Combat – Handling Sentinel Events & Near-Misses,https://www.youtube.com/watch?v=,Manage sentinel events and near-misses in hospitals. Implement CAPA strategies to prevent recurrence and maintain safety.,1
course_1,ch_1_11,les_1_11_07,topic_1_11_07_1,"CAPA Systems – Digital CAPA, TrackWise & AI-Powered Risk Prediction",https://www.youtube.com/watch?v=,"Leverage digital CAPA systems and AI tools for risk prediction. Enhance accuracy, monitoring, and audit readiness.",1
course_1,ch_1_11,les_1_11_08,topic_1_11_08_1,Simulation 2 – End-to-End CAPA Lifecycle Execution (Pharma + Hospital),https://www.youtube.com/watch?v=,Execute the full CAPA lifecycle in pharma and hospital contexts. Strengthen practical skills and compliance execution.,1
course_1,ch_1_11,les_1_11_09,topic_1_11_09_1,Audit-Ready CAPA – How Inspectors Grill CAPA & Risk Logs,https://www.youtube.com/watch?v=,Prepare CAPA and risk logs for inspections. Learn to respond confidently and demonstrate regulatory compliance.,1
course_1,ch_1_11,les_1_11_10,topic_1_11_10_1,"Mentor Tribunal – CAPA Review, Feedback & Risk Defense Drill",https://www.youtube.com/watch?v=,Receive expert review and feedback on CAPA. Build competence in risk defense and audit preparedness.,1
course_1,ch_1_12,les_1_12_01,topic_1_12_01_1,"Global QA/QC Landscape – FDA, EMA, WHO, NABH, ISO & Beyond",https://www.youtube.com/watch?v=,Understand international QA/QC standards and regulatory expectations. Align operations with global compliance frameworks.,1
course_1,ch_1_12,les_1_12_02,topic_1_12_02_1,"Pharma Regulatory Codes – GMP, GLP, GCP Deep Dive",https://www.youtube.com/watch?v=,"Dive deep into GMP, GLP, and GCP codes. Ensure comprehensive knowledge of pharma regulatory requirements.",1
course_1,ch_1_12,les_1_12_03,topic_1_12_03_1,"Hospital Accreditation Standards – NABH, JCI & Global Best Practices",https://www.youtube.com/watch?v=,"Master NABH, JCI, and global accreditation standards. Implement best practices for hospital quality and safety.",1
course_1,ch_1_12,les_1_12_04,topic_1_12_04_1,Data Integrity & 21 CFR Part 11 – The Digital Compliance Battlefield,https://www.youtube.com/watch?v=,Ensure digital data integrity and Part 11 compliance. Protect records and maintain audit readiness in electronic systems.,1
course_1,ch_1_12,les_1_12_05,topic_1_12_05_1,Simulation 1 – Regulatory Mock Inspection (FDA Style for Pharma),https://www.youtube.com/watch?v=,Experience FDA-style mock inspections in pharma. Identify gaps and practice corrective responses.,1
course_1,ch_1_12,les_1_12_06,topic_1_12_06_1,Simulation 2 – Hospital Accreditation Audit Drill (NABH/JCI),https://www.youtube.com/watch?v=,"Conduct NABH/JCI hospital audit drills. Build skills in documentation, inspection, and corrective actions.",1
course_1,ch_1_12,les_1_12_07,topic_1_12_07_1,"International QA/QC Trends – AI, Automation & Smart Quality Systems",https://www.youtube.com/watch?v=,"Explore AI, automation, and smart QA systems. Stay ahead with next-gen quality and compliance practices.",1
course_1,ch_1_12,les_1_12_08,topic_1_12_08_1,"Future of QA/QC – Predictive Compliance, Digital Twins & Global Workforce Skills",https://www.youtube.com/watch?v=,Learn predictive compliance and digital twin applications. Prepare for future-ready global QA/QC operations.,1
course_1,ch_1_12,les_1_12_09,topic_1_12_09_1,Final Audit Simulation – Pharma + Hospital Integrated Compliance War Game,https://www.youtube.com/watch?v=,"Run integrated audits across pharma and hospital workflows. Test readiness, decision-making, and compliance under pressure.",1
course_1,ch_1_12,les_1_12_10,topic_1_12_10_1,"Capstone Mentorship – Career Readiness, Interview Defense & QA/QC Leadership",https://www.youtube.com/watch?v=,Receive mentorship on career growth and QA/QC leadership. Hone interview skills and industry-ready competencies.,1
,,,,,,,
course_2,ch_2_01,les_2_01_01,topic_2_01_01_1,Introduction to Pharmacovigilance,https://www.youtube.com/watch?v=zqmm6wThH10,"The science of detecting, assessing, and preventing adverse effects of medicines to ensure patient safety.",1
course_2,ch_2_01,les_2_01_02,topic_2_01_02_1,History & Evolution of PV,https://www.youtube.com/watch?v=mLW95p1FDjY,Traces the development of drug safety monitoring from early case reports to today’s global systems.,1
course_2,ch_2_01,les_2_01_03,topic_2_01_03_1,Global PV Regulatory Bodies,https://www.youtube.com/watch?v=bgV_OkPXxIs,Overview of international authorities governing pharmacovigilance standards and compliance.,1
course_2,ch_2_01,les_2_01_04,topic_2_01_04_1,Adverse Event (AE) Basics,https://www.youtube.com/watch?v=nWWQDHMAtj8,"Introduction to identifying, classifying, and reporting unexpected drug-related effects.",1
course_2,ch_2_01,les_2_01_05,topic_2_01_05_1,Good Pharmacovigilance Practices (GVP),https://www.youtube.com/watch?v=-AXfJ5VBAgQ,Framework of ethical and regulatory standards guiding safe medicine use.,1
course_2,ch_2_01,les_2_01_06,topic_2_01_06_1,AI in PV Research,https://www.youtube.com/watch?v=tPW8zeyOoXI,"Exploration of artificial intelligence applications in signal detection, reporting, and data automation.",1
course_2,ch_2_01,les_2_01_07,topic_2_01_07_1,PV Roles & Responsibilities,https://www.youtube.com/watch?v=fkWe-2b_jF0,Defines key functions of professionals ensuring compliance and data accuracy in PV systems.,1
course_2,ch_2_01,les_2_01_08,topic_2_01_08_1,Introduction to MedDRA,https://www.youtube.com/watch?v=HWek_3TYXyk,Overview of the global medical terminology used for coding and classifying adverse events.,1
course_2,ch_2_01,les_2_01_09,topic_2_01_09_1,PV Documentation Essentials,https://www.youtube.com/watch?v=-MnBUZgRDkI,"Core principles for maintaining accurate, compliant, and auditable safety records.",1
,,,,,,,
course_2,ch_2_02,les_2_02_01,topic_2_02_01_1,ICSR Overview & Structure,https://www.youtube.com/watch?v=OU8aBf4eNPQ,Breakdown of the components and purpose of Individual Case Safety Reports in PV.,1
course_2,ch_2_02,les_2_02_02,topic_2_02_02_1,Adverse Event (AE) Case Intake Process,https://www.youtube.com/watch?v=gXHduBhy0ss,Stepwise capture and validation of safety information from initial reports.,1
course_2,ch_2_02,les_2_02_03,topic_2_02_03_1,Source Document Review,https://www.youtube.com/watch?v=l4VAm1SJiDM,Systematic evaluation of original medical data to verify and support safety case details.,1
course_2,ch_2_02,les_2_02_04,topic_2_02_04_1,Narrative Writing Basics,https://www.youtube.com/watch?v=nILoA_8w9cw ,"Crafting concise, factual summaries that communicate a case’s clinical story in safety reports.",1
course_2,ch_2_02,les_2_02_05,topic_2_02_05_1,AI for ICSR Triage,https://www.youtube.com/watch?v=Wgu3xi1RaI4,"Application of AI tools to prioritize, classify, and streamline case processing workflows.",1
course_2,ch_2_02,les_2_02_05,topic_2_02_05_1,Causality Assessment Intro,https://www.youtube.com/watch?v=FsixW-87X7k,Basic methods for determining the likelihood that a drug caused a reported adverse event.,1
course_2,ch_2_02,les_2_02_06,topic_2_02_06_1,The Naranjo Algorithm,https://www.youtube.com/watch?v=KOvUaB-py_0 ,A structured questionnaire used to assess the likelihood that a drug caused an adverse event.,1
course_2,ch_2_02,les_2_02_07,topic_2_02_07_1,MedDRA Type Coding for ICSRs,https://www.youtube.com/watch?v=vgnrju58l00 ,Accurate use of MedDRA terminology to code reactions and events in safety databases.,1
course_2,ch_2_02,les_2_02_08,topic_2_02_08_1,ICSR Quality Checks,https://www.youtube.com/watch?v=7UpKksBCIVw ,"Key validation steps ensuring completeness, consistency, and regulatory compliance of reports.",1
course_2,ch_2_02,les_2_02_09,topic_2_02_09_1,Submission Timelines and Rules,https://www.youtube.com/watch?v=IwOegMImSng,Regulatory deadlines and protocols for timely ICSR submission to authorities.,1
course_2,ch_2_02,les_2_02_10,topic_2_02_10_1,Individual Case Safety Report (ICSR) Case Closure,https://www.youtube.com/watch?v=by97SVxVW9o,Final verification and archival of completed safety cases after submission.,1
,,,,,,,1
course_2,ch_2_03,les_2_03_01,topic_2_03_01_1,Global PV Databases Overview,https://www.youtube.com/watch?v=,,
course_2,ch_2_03,les_2_03_02,topic_2_03_02_1,E2B R3 Standards,https://www.youtube.com/watch?v=,,1
course_2,ch_2_03,les_2_03_03,topic_2_03_03_1,VigiBase Navigation,https://www.youtube.com/watch?v=,,1
course_2,ch_2_03,les_2_03_04,topic_2_03_04_1,FAERS Data Reconciliation,https://www.youtube.com/watch?v=,,1
course_2,ch_2_03,les_2_03_05,topic_2_03_05_1,AI for Database Queries,https://www.youtube.com/watch?v=,,1
course_2,ch_2_03,les_2_03_06,topic_2_03_06_1,Argus Safety System Intro,https://www.youtube.com/watch?v=,,
course_2,ch_2_03,les_2_03_07,topic_2_03_07_1,ARISg System Basics,https://www.youtube.com/watch?v=,,
course_2,ch_2_03,les_2_03_08,topic_2_03_08_1,Data Privacy in PV (GDPR/HIPAA),https://www.youtube.com/watch?v=,,
course_2,ch_2_03,les_2_03_09,topic_2_03_09_1,Database Error Handling,https://www.youtube.com/watch?v=,,
course_2,ch_2_03,les_2_03_10,topic_2_03_10_1,PV System Integration,https://www.youtube.com/watch?v=,,
,,,,,https://www.youtube.com/watch?v=,,
course_2,ch_2_04,les_2_04_01,topic_2_04_01_1,Signal Detection Overview,https://www.youtube.com/watch?v=,,
course_2,ch_2_04,les_2_04_02,topic_2_04_02_1,Quantitative Signal Detection,https://www.youtube.com/watch?v=,,
course_2,ch_2_04,les_2_04_03,topic_2_04_03_1,Qualitative Signal Detection,https://www.youtube.com/watch?v=,,
course_2,ch_2_04,les_2_04_04,topic_2_04_04_1,AI for Signal Noise Reduction,https://www.youtube.com/watch?v=,,
course_2,ch_2_04,les_2_04_05,topic_2_04_05_1,Risk Management Plans (RMP),https://www.youtube.com/watch?v=,,
course_2,ch_2_04,les_2_04_06,topic_2_04_06_1,Signal Validation Process,https://www.youtube.com/watch?v=,,
course_2,ch_2_04,les_2_04_07,topic_2_04_07_1,Disproportionality Analysis,https://www.youtube.com/watch?v=,,
course_2,ch_2_04,les_2_04_08,topic_2_04_08_1,Signal Reporting Standards,https://www.youtube.com/watch?v=,,
course_2,ch_2_04,les_2_04_09,topic_2_04_09_1,Risk Minimization Strategies,https://www.youtube.com/watch?v=,,
course_2,ch_2_04,les_2_04_10,topic_2_04_10_1,Signal Dashboards,https://www.youtube.com/watch?v=,,
,,,,,https://www.youtube.com/watch?v=,,
course_2,ch_2_05,les_2_05_01,topic_2_05_01_1,PSUR Overview & Requirements,https://www.youtube.com/watch?v=,,
course_2,ch_2_05,les_2_05_02,topic_2_05_02_1,DSUR Basics & Timelines,https://www.youtube.com/watch?v=,,
course_2,ch_2_05,les_2_05_03,topic_2_05_03_1,Data Aggregation for Reports,https://www.youtube.com/watch?v=,,
course_2,ch_2_05,les_2_05_04,topic_2_05_04_1,AI for PSUR Drafting,https://www.youtube.com/watch?v=,,
course_2,ch_2_05,les_2_05_05,topic_2_05_05_1,Line Listings & Summary Tabulations,https://www.youtube.com/watch?v=,,
course_2,ch_2_05,les_2_05_06,topic_2_05_06_1,PSUR Quality Checks,https://www.youtube.com/watch?v=,,
course_2,ch_2_05,les_2_05_07,topic_2_05_07_1,DSUR Case Study Analysis,https://www.youtube.com/watch?v=,,
course_2,ch_2_05,les_2_05_08,topic_2_05_08_1,Regulatory Submission of Reports,https://www.youtube.com/watch?v=,,
course_2,ch_2_05,les_2_05_09,topic_2_05_09_1,Handling PSUR Queries,https://www.youtube.com/watch?v=,,
course_2,ch_2_05,les_2_05_10,topic_2_05_10_1,Periodic Report Automation,https://www.youtube.com/watch?v=,,
,,,,,https://www.youtube.com/watch?v=,,
course_2,ch_2_06,les_2_06_01,topic_2_06_01_1,MedDRA Hierarchy Overview,https://www.youtube.com/watch?v=,,
course_2,ch_2_06,les_2_06_02,topic_2_06_02_1,"LLT, PT, and SOC Coding",https://www.youtube.com/watch?v=,,
course_2,ch_2_06,les_2_06_03,topic_2_06_03_1,AI for MedDRA Auto-Coding,https://www.youtube.com/watch?v=,,
course_2,ch_2_06,les_2_06_04,topic_2_06_04_1,Coding Accuracy Checks,https://www.youtube.com/watch?v=,,
course_2,ch_2_06,les_2_06_05,topic_2_06_05_1,Complex Case Coding,https://www.youtube.com/watch?v=,,
course_2,ch_2_06,les_2_06_06,topic_2_06_06_1,Narrative Quality Standards,https://www.youtube.com/watch?v=,,
course_2,ch_2_06,les_2_06_07,topic_2_06_07_1,Follow-Up Case Processing,https://www.youtube.com/watch?v=,,
course_2,ch_2_06,les_2_06_08,topic_2_06_08_1,Coding Error Resolution,https://www.youtube.com/watch?v=,,
course_2,ch_2_06,les_2_06_09,topic_2_06_09_1,MedDRA Version Updates,https://www.youtube.com/watch?v=,,
course_2,ch_2_06,les_2_06_10,topic_2_06_10_1,Case Quality Dashboards,https://www.youtube.com/watch?v=,,
,,,,,https://www.youtube.com/watch?v=,,
course_2,ch_2_07,les_2_07_01,topic_2_07_01_1,PV Audit Overview,https://www.youtube.com/watch?v=,,
course_2,ch_2_07,les_2_07_02,topic_2_07_02_1,Preparing for FDA PV Inspections,https://www.youtube.com/watch?v=,,
course_2,ch_2_07,les_2_07_03,topic_2_07_03_1,EMA PV Audit Requirements,https://www.youtube.com/watch?v=,,
course_2,ch_2_07,les_2_07_04,topic_2_07_04_1,CAPA for PV Findings,https://www.youtube.com/watch?v=,,
course_2,ch_2_07,les_2_07_05,topic_2_07_05_1,AI for PV Audit Trails,https://www.youtube.com/watch?v=,,
course_2,ch_2_07,les_2_07_06,topic_2_07_06_1,Mock PV Audit Simulations,https://www.youtube.com/watch?v=,,
course_2,ch_2_07,les_2_07_07,topic_2_07_07_1,Handling Inspection Queries,https://www.youtube.com/watch?v=,,
course_2,ch_2_07,les_2_07_08,topic_2_07_08_1,Document Control for PV Audits,https://www.youtube.com/watch?v=,,
course_2,ch_2_07,les_2_07_09,topic_2_07_09_1,Post-Audit Reporting,https://www.youtube.com/watch?v=,,
course_2,ch_2_07,les_2_07_10,topic_2_07_10_1,Continuous PV Compliance,https://www.youtube.com/watch?v=,,
,,,,,https://www.youtube.com/watch?v=,,
course_2,ch_2_08,les_2_08_01,topic_2_08_01_1,Risk Communication Overview,https://www.youtube.com/watch?v=,,
course_2,ch_2_08,les_2_08_02,topic_2_08_02_1,Dear Healthcare Professional Letters,https://www.youtube.com/watch?v=,,
course_2,ch_2_08,les_2_08_03,topic_2_08_03_1,AI for Safety Communication,https://www.youtube.com/watch?v=,,
course_2,ch_2_08,les_2_08_04,topic_2_08_04_1,DSMB & Safety Committee Roles,https://www.youtube.com/watch?v=,,
course_2,ch_2_08,les_2_08_05,topic_2_08_05_1,Patient Safety Notifications,https://www.youtube.com/watch?v=,,
course_2,ch_2_08,les_2_08_06,topic_2_08_06_1,Stakeholder Engagement in PV,https://www.youtube.com/watch?v=,,
course_2,ch_2_08,les_2_08_07,topic_2_08_07_1,Risk Communication Metrics,https://www.youtube.com/watch?v=,,
course_2,ch_2_08,les_2_08_08,topic_2_08_08_1,Handling Public Safety Queries,https://www.youtube.com/watch?v=,,
course_2,ch_2_08,les_2_08_09,topic_2_08_09_1,Crisis Communication in PV,https://www.youtube.com/watch?v=,,
course_2,ch_2_08,les_2_08_10,topic_2_08_10_1,Global Safety Communication,https://www.youtube.com/watch?v=,,
,,,,,,,
course_2,ch_2_09,les_2_09_01,topic_2_09_01_1,Post-Marketing PV Overview,https://www.youtube.com/watch?v=,,
course_2,ch_2_09,les_2_09_02,topic_2_09_02_1,Real-World Evidence (RWE) in PV,https://www.youtube.com/watch?v=,,
course_2,ch_2_09,les_2_09_03,topic_2_09_03_1,AI for Post-Market Signals,https://www.youtube.com/watch?v=,,
course_2,ch_2_09,les_2_09_04,topic_2_09_04_1,Literature Monitoring for PV,https://www.youtube.com/watch?v=,,
course_2,ch_2_09,les_2_09_05,topic_2_09_05_1,Social Media Safety Monitoring,https://www.youtube.com/watch?v=,,
course_2,ch_2_09,les_2_09_06,topic_2_09_06_1,Post-Market Query Handling,https://www.youtube.com/watch?v=,,
course_2,ch_2_09,les_2_09_07,topic_2_09_07_1,Label Updates for Safety,https://www.youtube.com/watch?v=,,
course_2,ch_2_09,les_2_09_08,topic_2_09_08_1,Post-Market Report Compilation,https://www.youtube.com/watch?v=,,
course_2,ch_2_09,les_2_09_09,topic_2_09_09_1,Global Post-Market Harmonization,https://www.youtube.com/watch?v=,,
course_2,ch_2_09,les_2_09_10,topic_2_09_10_1,Post-Market Audit Prep,https://www.youtube.com/watch?v=,,
,,,,,https://www.youtube.com/watch?v=,,
course_2,ch_2_10,les_2_10_01,topic_2_10_01_1,AI for Automated Case Processing,https://www.youtube.com/watch?v=,,
course_2,ch_2_10,les_2_10_02,topic_2_10_02_1,NLP for AE Narrative Analysis,https://www.youtube.com/watch?v=,,
course_2,ch_2_10,les_2_10_03,topic_2_10_03_1,Predictive Analytics in PV,https://www.youtube.com/watch?v=,,
course_2,ch_2_10,les_2_10_04,topic_2_10_04_1,AI for PV Workflow Automation,https://www.youtube.com/watch?v=,,
course_2,ch_2_10,les_2_10_05,topic_2_10_05_1,Blockchain for PV Data Integrity,https://www.youtube.com/watch?v=,,
course_2,ch_2_10,les_2_10_06,topic_2_10_06_1,AI Ethics in PV,https://www.youtube.com/watch?v=,,
course_2,ch_2_10,les_2_10_07,topic_2_10_07_1,AI in PV Dashboards,https://www.youtube.com/watch?v=,,
course_2,ch_2_10,les_2_10_08,topic_2_10_08_1,AI for Global PV Integration,https://www.youtube.com/watch?v=,,
course_2,ch_2_10,les_2_10_09,topic_2_10_09_1,Future PV Trends (Digital Twins),https://www.youtube.com/watch?v=,,
course_2,ch_2_10,les_2_10_10,topic_2_10_10_1,Integrating AI with PV Systems,https://www.youtube.com/watch?v=,,
,,,,,https://www.youtube.com/watch?v=,,
course_2,ch_2_11,les_2_11_01,topic_2_11_01_1,PV Operations Overview,https://www.youtube.com/watch?v=,,
course_2,ch_2_11,les_2_11_02,topic_2_11_02_1,Argus Workflow Management,https://www.youtube.com/watch?v=,,
course_2,ch_2_11,les_2_11_03,topic_2_11_03_1,ARISg System Integration,https://www.youtube.com/watch?v=,,
course_2,ch_2_11,les_2_11_04,topic_2_11_04_1,AI for PV Task Automation,https://www.youtube.com/watch?v=,,
course_2,ch_2_11,les_2_11_05,topic_2_11_05_1,E2B R3/R4 XML Conversions,https://www.youtube.com/watch?v=,,
course_2,ch_2_11,les_2_11_06,topic_2_11_06_1,PV System Validation (21 CFR Part 11),https://www.youtube.com/watch?v=,,
course_2,ch_2_11,les_2_11_07,topic_2_11_07_1,Multi-Site PV Coordination,https://www.youtube.com/watch?v=,,
course_2,ch_2_11,les_2_11_08,topic_2_11_08_1,PV Metrics & Reporting,https://www.youtube.com/watch?v=,,
course_2,ch_2_11,les_2_11_09,topic_2_11_09_1,Troubleshooting PV Systems,https://www.youtube.com/watch?v=,,
course_2,ch_2_11,les_2_11_10,topic_2_11_10_1,Scalability in PV Operations,https://www.youtube.com/watch?v=,,
,,,,,https://www.youtube.com/watch?v=,,
course_2,ch_2_12,les_2_12_01,topic_2_12_01_1,Full PV Lifecycle Review,https://www.youtube.com/watch?v=,,
course_2,ch_2_12,les_2_12_02,topic_2_12_02_1,Advanced PV Simulation Strategies,https://www.youtube.com/watch?v=,,
course_2,ch_2_12,les_2_12_03,topic_2_12_03_1,Building PV Portfolios with AI,https://www.youtube.com/watch?v=,,
course_2,ch_2_12,les_2_12_04,topic_2_12_04_1,Interview Prep for PV Roles,https://www.youtube.com/watch?v=,,
course_2,ch_2_12,les_2_12_05,topic_2_12_05_1,Networking in Pharmacovigilance,https://www.youtube.com/watch?v=,,
course_2,ch_2_12,les_2_12_06,topic_2_12_06_1,AI for PV Career Advancement,https://www.youtube.com/watch?v=,,
course_2,ch_2_12,les_2_12_07,topic_2_12_07_1,Case Studies of PV Success,https://www.youtube.com/watch?v=,,
course_2,ch_2_12,les_2_12_08,topic_2_12_08_1,Handling PV Crises,https://www.youtube.com/watch?v=,,
course_2,ch_2_12,les_2_12_09,topic_2_12_09_1,Emerging PV Regulations,https://www.youtube.com/watch?v=,,
course_2,ch_2_12,les_2_12_10,topic_2_12_10_1,Final PV Capstone Sim,https://www.youtube.com/watch?v=,,
,,,,,,,
course_3,ch_3_01,les_3_01_01,topic_3_01_01_1,,,,
course_3,ch_3_01,les_3_01_02,topic_3_01_02_1,,,,
course_3,ch_3_01,les_3_01_03,topic_3_01_03_1,,,,
course_3,ch_3_01,les_3_01_04,topic_3_01_04_1,,,,
course_3,ch_3_01,les_3_01_05,topic_3_01_05_1,,,,
course_3,ch_3_01,les_3_01_06,topic_3_01_06_1,,,,
course_3,ch_3_01,les_3_01_07,topic_3_01_07_1,,,,
course_3,ch_3_01,les_3_01_08,topic_3_01_08_1,,,,
course_3,ch_3_01,les_3_01_09,topic_3_01_09_1,,,,
,,,,,,,
course_3,ch_3_02,les_3_02_01,topic_3_02_01_1,,,,
course_3,ch_3_02,les_3_02_02,topic_3_02_02_1,,,,
course_3,ch_3_02,les_3_02_03,topic_3_02_03_1,,,,
course_3,ch_3_02,les_3_02_04,topic_3_02_04_1,,,,
course_3,ch_3_02,les_3_02_05,topic_3_02_05_1,,,,
course_3,ch_3_02,les_3_02_06,topic_3_02_06_1,,,,
course_3,ch_3_02,les_3_02_07,topic_3_02_07_1,,,,
course_3,ch_3_02,les_3_02_08,topic_3_02_08_1,,,,
course_3,ch_3_02,les_3_02_09,topic_3_02_09_1,,,,
course_3,ch_3_02,les_3_02_10,topic_3_02_10_1,,,,
,,,,,,,
course_3,ch_3_03,les_3_03_01,topic_3_03_01_1,,,,
course_3,ch_3_03,les_3_03_02,topic_3_03_02_1,,,,
course_3,ch_3_03,les_3_03_03,topic_3_03_03_1,,,,
course_3,ch_3_03,les_3_03_04,topic_3_03_04_1,,,,
course_3,ch_3_03,les_3_03_05,topic_3_03_05_1,,,,
course_3,ch_3_03,les_3_03_06,topic_3_03_06_1,,,,
course_3,ch_3_03,les_3_03_07,topic_3_03_07_1,,,,
course_3,ch_3_03,les_3_03_08,topic_3_03_08_1,,,,
course_3,ch_3_03,les_3_03_09,topic_3_03_09_1,,,,
course_3,ch_3_03,les_3_03_10,topic_3_03_10_1,,,,
,,,,,,,
course_3,ch_3_04,les_3_04_01,topic_3_04_01_1,,,,
course_3,ch_3_04,les_3_04_02,topic_3_04_02_1,,,,
course_3,ch_3_04,les_3_04_03,topic_3_04_03_1,,,,
course_3,ch_3_04,les_3_04_04,topic_3_04_04_1,,,,
course_3,ch_3_04,les_3_04_05,topic_3_04_05_1,,,,
course_3,ch_3_04,les_3_04_06,topic_3_04_06_1,,,,
course_3,ch_3_04,les_3_04_07,topic_3_04_07_1,,,,
course_3,ch_3_04,les_3_04_08,topic_3_04_08_1,,,,
course_3,ch_3_04,les_3_04_09,topic_3_04_09_1,,,,
course_3,ch_3_04,les_3_04_10,topic_3_04_10_1,,,,
,,,,,,,
course_3,ch_3_05,les_3_05_01,topic_3_05_01_1,,,,
course_3,ch_3_05,les_3_05_02,topic_3_05_02_1,,,,
course_3,ch_3_05,les_3_05_03,topic_3_05_03_1,,,,
course_3,ch_3_05,les_3_05_04,topic_3_05_04_1,,,,
course_3,ch_3_05,les_3_05_05,topic_3_05_05_1,,,,
course_3,ch_3_05,les_3_05_06,topic_3_05_06_1,,,,
course_3,ch_3_05,les_3_05_07,topic_3_05_07_1,,,,
course_3,ch_3_05,les_3_05_08,topic_3_05_08_1,,,,
course_3,ch_3_05,les_3_05_09,topic_3_05_09_1,,,,
course_3,ch_3_05,les_3_05_10,topic_3_05_10_1,,,,
,,,,,,,
course_3,ch_3_06,les_3_06_01,topic_3_06_01_1,,,,
course_3,ch_3_06,les_3_06_02,topic_3_06_02_1,,,,
course_3,ch_3_06,les_3_06_03,topic_3_06_03_1,,,,
course_3,ch_3_06,les_3_06_04,topic_3_06_04_1,,,,
course_3,ch_3_06,les_3_06_05,topic_3_06_05_1,,,,
course_3,ch_3_06,les_3_06_06,topic_3_06_06_1,,,,
course_3,ch_3_06,les_3_06_07,topic_3_06_07_1,,,,
course_3,ch_3_06,les_3_06_08,topic_3_06_08_1,,,,
course_3,ch_3_06,les_3_06_09,topic_3_06_09_1,,,,
course_3,ch_3_06,les_3_06_10,topic_3_06_10_1,,,,
,,,,,,,
course_3,ch_3_07,les_3_07_01,topic_3_07_01_1,,,,
course_3,ch_3_07,les_3_07_02,topic_3_07_02_1,,,,
course_3,ch_3_07,les_3_07_03,topic_3_07_03_1,,,,
course_3,ch_3_07,les_3_07_04,topic_3_07_04_1,,,,
course_3,ch_3_07,les_3_07_05,topic_3_07_05_1,,,,
course_3,ch_3_07,les_3_07_06,topic_3_07_06_1,,,,
course_3,ch_3_07,les_3_07_07,topic_3_07_07_1,,,,
course_3,ch_3_07,les_3_07_08,topic_3_07_08_1,,,,
course_3,ch_3_07,les_3_07_09,topic_3_07_09_1,,,,
course_3,ch_3_07,les_3_07_10,topic_3_07_10_1,,,,
,,,,,,,
course_3,ch_3_08,les_3_08_01,topic_3_08_01_1,,,,
course_3,ch_3_08,les_3_08_02,topic_3_08_02_1,,,,
course_3,ch_3_08,les_3_08_03,topic_3_08_03_1,,,,
course_3,ch_3_08,les_3_08_04,topic_3_08_04_1,,,,
course_3,ch_3_08,les_3_08_05,topic_3_08_05_1,,,,
course_3,ch_3_08,les_3_08_06,topic_3_08_06_1,,,,
course_3,ch_3_08,les_3_08_07,topic_3_08_07_1,,,,
course_3,ch_3_08,les_3_08_08,topic_3_08_08_1,,,,
course_3,ch_3_08,les_3_08_09,topic_3_08_09_1,,,,
course_3,ch_3_08,les_3_08_10,topic_3_08_10_1,,,,
,,,,,,,
course_3,ch_3_09,les_3_09_01,topic_3_09_01_1,,,,
course_3,ch_3_09,les_3_09_02,topic_3_09_02_1,,,,
course_3,ch_3_09,les_3_09_03,topic_3_09_03_1,,,,
course_3,ch_3_09,les_3_09_04,topic_3_09_04_1,,,,
course_3,ch_3_09,les_3_09_05,topic_3_09_05_1,,,,
course_3,ch_3_09,les_3_09_06,topic_3_09_06_1,,,,
course_3,ch_3_09,les_3_09_07,topic_3_09_07_1,,,,
course_3,ch_3_09,les_3_09_08,topic_3_09_08_1,,,,
course_3,ch_3_09,les_3_09_09,topic_3_09_09_1,,,,
course_3,ch_3_09,les_3_09_10,topic_3_09_10_1,,,,
,,,,,,,
course_3,ch_3_10,les_3_10_01,topic_3_10_01_1,,,,
course_3,ch_3_10,les_3_10_02,topic_3_10_02_1,,,,
course_3,ch_3_10,les_3_10_03,topic_3_10_03_1,,,,
course_3,ch_3_10,les_3_10_04,topic_3_10_04_1,,,,
course_3,ch_3_10,les_3_10_05,topic_3_10_05_1,,,,
course_3,ch_3_10,les_3_10_06,topic_3_10_06_1,,,,
course_3,ch_3_10,les_3_10_07,topic_3_10_07_1,,,,
course_3,ch_3_10,les_3_10_08,topic_3_10_08_1,,,,
course_3,ch_3_10,les_3_10_09,topic_3_10_09_1,,,,
course_3,ch_3_10,les_3_10_10,topic_3_10_10_1,,,,
,,,,,,,
course_3,ch_3_11,les_3_11_01,topic_3_11_01_1,,,,
course_3,ch_3_11,les_3_11_02,topic_3_11_02_1,,,,
course_3,ch_3_11,les_3_11_03,topic_3_11_03_1,,,,
course_3,ch_3_11,les_3_11_04,topic_3_11_04_1,,,,
course_3,ch_3_11,les_3_11_05,topic_3_11_05_1,,,,
course_3,ch_3_11,les_3_11_06,topic_3_11_06_1,,,,
course_3,ch_3_11,les_3_11_07,topic_3_11_07_1,,,,
course_3,ch_3_11,les_3_11_08,topic_3_11_08_1,,,,
course_3,ch_3_11,les_3_11_09,topic_3_11_09_1,,,,
course_3,ch_3_11,les_3_11_10,topic_3_11_10_1,,,,
,,,,,,,
course_3,ch_3_12,les_3_12_01,topic_3_12_01_1,,,,
course_3,ch_3_12,les_3_12_02,topic_3_12_02_1,,,,
course_3,ch_3_12,les_3_12_03,topic_3_12_03_1,,,,
course_3,ch_3_12,les_3_12_04,topic_3_12_04_1,,,,
course_3,ch_3_12,les_3_12_05,topic_3_12_05_1,,,,
course_3,ch_3_12,les_3_12_06,topic_3_12_06_1,,,,
course_3,ch_3_12,les_3_12_07,topic_3_12_07_1,,,,
course_3,ch_3_12,les_3_12_08,topic_3_12_08_1,,,,
course_3,ch_3_12,les_3_12_09,topic_3_12_09_1,,,,
course_3,ch_3_12,les_3_12_10,topic_3_12_10_1,,,,
,,,,,,,
course_4,ch_4_01,les_4_01_01,topic_4_01_01_1,,,,
course_4,ch_4_01,les_4_01_02,topic_4_01_02_1,,,,
course_4,ch_4_01,les_4_01_03,topic_4_01_03_1,,,,
course_4,ch_4_01,les_4_01_04,topic_4_01_04_1,,,,
course_4,ch_4_01,les_4_01_05,topic_4_01_05_1,,,,
course_4,ch_4_01,les_4_01_06,topic_4_01_06_1,,,,
course_4,ch_4_01,les_4_01_07,topic_4_01_07_1,,,,
course_4,ch_4_01,les_4_01_08,topic_4_01_08_1,,,,
course_4,ch_4_01,les_4_01_09,topic_4_01_09_1,,,,
,,,,,,,
course_4,ch_4_02,les_4_02_01,topic_4_02_01_1,,,,
course_4,ch_4_02,les_4_02_02,topic_4_02_02_1,,,,
course_4,ch_4_02,les_4_02_03,topic_4_02_03_1,,,,
course_4,ch_4_02,les_4_02_04,topic_4_02_04_1,,,,
course_4,ch_4_02,les_4_02_05,topic_4_02_05_1,,,,
course_4,ch_4_02,les_4_02_06,topic_4_02_06_1,,,,
course_4,ch_4_02,les_4_02_07,topic_4_02_07_1,,,,
course_4,ch_4_02,les_4_02_08,topic_4_02_08_1,,,,
course_4,ch_4_02,les_4_02_09,topic_4_02_09_1,,,,
course_4,ch_4_02,les_4_02_10,topic_4_02_10_1,,,,
,,,,,,,
course_4,ch_4_03,les_4_03_01,topic_4_03_01_1,,,,
course_4,ch_4_03,les_4_03_02,topic_4_03_02_1,,,,
course_4,ch_4_03,les_4_03_03,topic_4_03_03_1,,,,
course_4,ch_4_03,les_4_03_04,topic_4_03_04_1,,,,
course_4,ch_4_03,les_4_03_05,topic_4_03_05_1,,,,
course_4,ch_4_03,les_4_03_06,topic_4_03_06_1,,,,
course_4,ch_4_03,les_4_03_07,topic_4_03_07_1,,,,
course_4,ch_4_03,les_4_03_08,topic_4_03_08_1,,,,
course_4,ch_4_03,les_4_03_09,topic_4_03_09_1,,,,
course_4,ch_4_03,les_4_03_10,topic_4_03_10_1,,,,
,,,,,,,
course_4,ch_4_04,les_4_04_01,topic_4_04_01_1,,,,
course_4,ch_4_04,les_4_04_02,topic_4_04_02_1,,,,
course_4,ch_4_04,les_4_04_03,topic_4_04_03_1,,,,
course_4,ch_4_04,les_4_04_04,topic_4_04_04_1,,,,
course_4,ch_4_04,les_4_04_05,topic_4_04_05_1,,,,
course_4,ch_4_04,les_4_04_06,topic_4_04_06_1,,,,
course_4,ch_4_04,les_4_04_07,topic_4_04_07_1,,,,
course_4,ch_4_04,les_4_04_08,topic_4_04_08_1,,,,
course_4,ch_4_04,les_4_04_09,topic_4_04_09_1,,,,
course_4,ch_4_04,les_4_04_10,topic_4_04_10_1,,,,
,,,,,,,
course_4,ch_4_05,les_4_05_01,topic_4_05_01_1,,,,
course_4,ch_4_05,les_4_05_02,topic_4_05_02_1,,,,
course_4,ch_4_05,les_4_05_03,topic_4_05_03_1,,,,
course_4,ch_4_05,les_4_05_04,topic_4_05_04_1,,,,
course_4,ch_4_05,les_4_05_05,topic_4_05_05_1,,,,
course_4,ch_4_05,les_4_05_06,topic_4_05_06_1,,,,
course_4,ch_4_05,les_4_05_07,topic_4_05_07_1,,,,
course_4,ch_4_05,les_4_05_08,topic_4_05_08_1,,,,
course_4,ch_4_05,les_4_05_09,topic_4_05_09_1,,,,
course_4,ch_4_05,les_4_05_10,topic_4_05_10_1,,,,
,,,,,,,
course_4,ch_4_06,les_4_06_01,topic_4_06_01_1,,,,
course_4,ch_4_06,les_4_06_02,topic_4_06_02_1,,,,
course_4,ch_4_06,les_4_06_03,topic_4_06_03_1,,,,
course_4,ch_4_06,les_4_06_04,topic_4_06_04_1,,,,
course_4,ch_4_06,les_4_06_05,topic_4_06_05_1,,,,
course_4,ch_4_06,les_4_06_06,topic_4_06_06_1,,,,
course_4,ch_4_06,les_4_06_07,topic_4_06_07_1,,,,
course_4,ch_4_06,les_4_06_08,topic_4_06_08_1,,,,
course_4,ch_4_06,les_4_06_09,topic_4_06_09_1,,,,
course_4,ch_4_06,les_4_06_10,topic_4_06_10_1,,,,
,,,,,,,
course_4,ch_4_07,les_4_07_01,topic_4_07_01_1,,,,
course_4,ch_4_07,les_4_07_02,topic_4_07_02_1,,,,
course_4,ch_4_07,les_4_07_03,topic_4_07_03_1,,,,
course_4,ch_4_07,les_4_07_04,topic_4_07_04_1,,,,
course_4,ch_4_07,les_4_07_05,topic_4_07_05_1,,,,
course_4,ch_4_07,les_4_07_06,topic_4_07_06_1,,,,
course_4,ch_4_07,les_4_07_07,topic_4_07_07_1,,,,
course_4,ch_4_07,les_4_07_08,topic_4_07_08_1,,,,
course_4,ch_4_07,les_4_07_09,topic_4_07_09_1,,,,
course_4,ch_4_07,les_4_07_10,topic_4_07_10_1,,,,
,,,,,,,
course_4,ch_4_08,les_4_08_01,topic_4_08_01_1,,,,
course_4,ch_4_08,les_4_08_02,topic_4_08_02_1,,,,
course_4,ch_4_08,les_4_08_03,topic_4_08_03_1,,,,
course_4,ch_4_08,les_4_08_04,topic_4_08_04_1,,,,
course_4,ch_4_08,les_4_08_05,topic_4_08_05_1,,,,
course_4,ch_4_08,les_4_08_06,topic_4_08_06_1,,,,
course_4,ch_4_08,les_4_08_07,topic_4_08_07_1,,,,
course_4,ch_4_08,les_4_08_08,topic_4_08_08_1,,,,
course_4,ch_4_08,les_4_08_09,topic_4_08_09_1,,,,
course_4,ch_4_08,les_4_08_10,topic_4_08_10_1,,,,
,,,,,,,
course_4,ch_4_09,les_4_09_01,topic_4_09_01_1,,,,
course_4,ch_4_09,les_4_09_02,topic_4_09_02_1,,,,
course_4,ch_4_09,les_4_09_03,topic_4_09_03_1,,,,
course_4,ch_4_09,les_4_09_04,topic_4_09_04_1,,,,
course_4,ch_4_09,les_4_09_05,topic_4_09_05_1,,,,
course_4,ch_4_09,les_4_09_06,topic_4_09_06_1,,,,
course_4,ch_4_09,les_4_09_07,topic_4_09_07_1,,,,
course_4,ch_4_09,les_4_09_08,topic_4_09_08_1,,,,
course_4,ch_4_09,les_4_09_09,topic_4_09_09_1,,,,
course_4,ch_4_09,les_4_09_10,topic_4_09_10_1,,,,
,,,,,,,
course_4,ch_4_10,les_4_10_01,topic_4_10_01_1,,,,
course_4,ch_4_10,les_4_10_02,topic_4_10_02_1,,,,
course_4,ch_4_10,les_4_10_03,topic_4_10_03_1,,,,
course_4,ch_4_10,les_4_10_04,topic_4_10_04_1,,,,
course_4,ch_4_10,les_4_10_05,topic_4_10_05_1,,,,
course_4,ch_4_10,les_4_10_06,topic_4_10_06_1,,,,
course_4,ch_4_10,les_4_10_07,topic_4_10_07_1,,,,
course_4,ch_4_10,les_4_10_08,topic_4_10_08_1,,,,
course_4,ch_4_10,les_4_10_09,topic_4_10_09_1,,,,
course_4,ch_4_10,les_4_10_10,topic_4_10_10_1,,,,
,,,,,,,
course_4,ch_4_11,les_4_11_01,topic_4_11_01_1,,,,
course_4,ch_4_11,les_4_11_02,topic_4_11_02_1,,,,
course_4,ch_4_11,les_4_11_03,topic_4_11_03_1,,,,
course_4,ch_4_11,les_4_11_04,topic_4_11_04_1,,,,
course_4,ch_4_11,les_4_11_05,topic_4_11_05_1,,,,
course_4,ch_4_11,les_4_11_06,topic_4_11_06_1,,,,
course_4,ch_4_11,les_4_11_07,topic_4_11_07_1,,,,
course_4,ch_4_11,les_4_11_08,topic_4_11_08_1,,,,
course_4,ch_4_11,les_4_11_09,topic_4_11_09_1,,,,
course_4,ch_4_11,les_4_11_10,topic_4_11_10_1,,,,
,,,,,,,
course_4,ch_4_12,les_4_12_01,topic_4_12_01_1,,,,
course_4,ch_4_12,les_4_12_02,topic_4_12_02_1,,,,
course_4,ch_4_12,les_4_12_03,topic_4_12_03_1,,,,
course_4,ch_4_12,les_4_12_04,topic_4_12_04_1,,,,
course_4,ch_4_12,les_4_12_05,topic_4_12_05_1,,,,
course_4,ch_4_12,les_4_12_06,topic_4_12_06_1,,,,
course_4,ch_4_12,les_4_12_07,topic_4_12_07_1,,,,
course_4,ch_4_12,les_4_12_08,topic_4_12_08_1,,,,
course_4,ch_4_12,les_4_12_09,topic_4_12_09_1,,,,
course_4,ch_4_12,les_4_12_10,topic_4_12_10_1,,,,
,,,,,,,
course_5,ch_5_01,les_5_01_01,topic_5_01_01_1,,,,
course_5,ch_5_01,les_5_01_02,topic_5_01_02_1,,,,
course_5,ch_5_01,les_5_01_03,topic_5_01_03_1,,,,
course_5,ch_5_01,les_5_01_04,topic_5_01_04_1,,,,
course_5,ch_5_01,les_5_01_05,topic_5_01_05_1,,,,
course_5,ch_5_01,les_5_01_06,topic_5_01_06_1,,,,
course_5,ch_5_01,les_5_01_07,topic_5_01_07_1,,,,
course_5,ch_5_01,les_5_01_08,topic_5_01_08_1,,,,
course_5,ch_5_01,les_5_01_09,topic_5_01_09_1,,,,
,,,,,,,
course_5,ch_5_02,les_5_02_01,topic_5_02_01_1,,,,
course_5,ch_5_02,les_5_02_02,topic_5_02_02_1,,,,
course_5,ch_5_02,les_5_02_03,topic_5_02_03_1,,,,
course_5,ch_5_02,les_5_02_04,topic_5_02_04_1,,,,
course_5,ch_5_02,les_5_02_05,topic_5_02_05_1,,,,
course_5,ch_5_02,les_5_02_06,topic_5_02_06_1,,,,
course_5,ch_5_02,les_5_02_07,topic_5_02_07_1,,,,
course_5,ch_5_02,les_5_02_08,topic_5_02_08_1,,,,
course_5,ch_5_02,les_5_02_09,topic_5_02_09_1,,,,
course_5,ch_5_02,les_5_02_10,topic_5_02_10_1,,,,
,,,,,,,
course_5,ch_5_03,les_5_03_01,topic_5_03_01_1,,,,
course_5,ch_5_03,les_5_03_02,topic_5_03_02_1,,,,
course_5,ch_5_03,les_5_03_03,topic_5_03_03_1,,,,
course_5,ch_5_03,les_5_03_04,topic_5_03_04_1,,,,
course_5,ch_5_03,les_5_03_05,topic_5_03_05_1,,,,
course_5,ch_5_03,les_5_03_06,topic_5_03_06_1,,,,
course_5,ch_5_03,les_5_03_07,topic_5_03_07_1,,,,
course_5,ch_5_03,les_5_03_08,topic_5_03_08_1,,,,
course_5,ch_5_03,les_5_03_09,topic_5_03_09_1,,,,
course_5,ch_5_03,les_5_03_10,topic_5_03_10_1,,,,
,,,,,,,
course_5,ch_5_04,les_5_04_01,topic_5_04_01_1,,,,
course_5,ch_5_04,les_5_04_02,topic_5_04_02_1,,,,
course_5,ch_5_04,les_5_04_03,topic_5_04_03_1,,,,
course_5,ch_5_04,les_5_04_04,topic_5_04_04_1,,,,
course_5,ch_5_04,les_5_04_05,topic_5_04_05_1,,,,
course_5,ch_5_04,les_5_04_06,topic_5_04_06_1,,,,
course_5,ch_5_04,les_5_04_07,topic_5_04_07_1,,,,
course_5,ch_5_04,les_5_04_08,topic_5_04_08_1,,,,
course_5,ch_5_04,les_5_04_09,topic_5_04_09_1,,,,
course_5,ch_5_04,les_5_04_10,topic_5_04_10_1,,,,
,,,,,,,
course_5,ch_5_05,les_5_05_01,topic_5_05_01_1,,,,
course_5,ch_5_05,les_5_05_02,topic_5_05_02_1,,,,
course_5,ch_5_05,les_5_05_03,topic_5_05_03_1,,,,
course_5,ch_5_05,les_5_05_04,topic_5_05_04_1,,,,
course_5,ch_5_05,les_5_05_05,topic_5_05_05_1,,,,
course_5,ch_5_05,les_5_05_06,topic_5_05_06_1,,,,
course_5,ch_5_05,les_5_05_07,topic_5_05_07_1,,,,
course_5,ch_5_05,les_5_05_08,topic_5_05_08_1,,,,
course_5,ch_5_05,les_5_05_09,topic_5_05_09_1,,,,
course_5,ch_5_05,les_5_05_10,topic_5_05_10_1,,,,
,,,,,,,
course_5,ch_5_06,les_5_06_01,topic_5_06_01_1,,,,
course_5,ch_5_06,les_5_06_02,topic_5_06_02_1,,,,
course_5,ch_5_06,les_5_06_03,topic_5_06_03_1,,,,
course_5,ch_5_06,les_5_06_04,topic_5_06_04_1,,,,
course_5,ch_5_06,les_5_06_05,topic_5_06_05_1,,,,
course_5,ch_5_06,les_5_06_06,topic_5_06_06_1,,,,
course_5,ch_5_06,les_5_06_07,topic_5_06_07_1,,,,
course_5,ch_5_06,les_5_06_08,topic_5_06_08_1,,,,
course_5,ch_5_06,les_5_06_09,topic_5_06_09_1,,,,
course_5,ch_5_06,les_5_06_10,topic_5_06_10_1,,,,
,,,,,,,
course_5,ch_5_07,les_5_07_01,topic_5_07_01_1,,,,
course_5,ch_5_07,les_5_07_02,topic_5_07_02_1,,,,
course_5,ch_5_07,les_5_07_03,topic_5_07_03_1,,,,
course_5,ch_5_07,les_5_07_04,topic_5_07_04_1,,,,
course_5,ch_5_07,les_5_07_05,topic_5_07_05_1,,,,
course_5,ch_5_07,les_5_07_06,topic_5_07_06_1,,,,
course_5,ch_5_07,les_5_07_07,topic_5_07_07_1,,,,
course_5,ch_5_07,les_5_07_08,topic_5_07_08_1,,,,
course_5,ch_5_07,les_5_07_09,topic_5_07_09_1,,,,
course_5,ch_5_07,les_5_07_10,topic_5_07_10_1,,,,
,,,,,,,
course_5,ch_5_08,les_5_08_01,topic_5_08_01_1,,,,
course_5,ch_5_08,les_5_08_02,topic_5_08_02_1,,,,
course_5,ch_5_08,les_5_08_03,topic_5_08_03_1,,,,
course_5,ch_5_08,les_5_08_04,topic_5_08_04_1,,,,
course_5,ch_5_08,les_5_08_05,topic_5_08_05_1,,,,
course_5,ch_5_08,les_5_08_06,topic_5_08_06_1,,,,
course_5,ch_5_08,les_5_08_07,topic_5_08_07_1,,,,
course_5,ch_5_08,les_5_08_08,topic_5_08_08_1,,,,
course_5,ch_5_08,les_5_08_09,topic_5_08_09_1,,,,
course_5,ch_5_08,les_5_08_10,topic_5_08_10_1,,,,
,,,,,,,
course_5,ch_5_09,les_5_09_01,topic_5_09_01_1,,,,
course_5,ch_5_09,les_5_09_02,topic_5_09_02_1,,,,
course_5,ch_5_09,les_5_09_03,topic_5_09_03_1,,,,
course_5,ch_5_09,les_5_09_04,topic_5_09_04_1,,,,
course_5,ch_5_09,les_5_09_05,topic_5_09_05_1,,,,
course_5,ch_5_09,les_5_09_06,topic_5_09_06_1,,,,
course_5,ch_5_09,les_5_09_07,topic_5_09_07_1,,,,
course_5,ch_5_09,les_5_09_08,topic_5_09_08_1,,,,
course_5,ch_5_09,les_5_09_09,topic_5_09_09_1,,,,
course_5,ch_5_09,les_5_09_10,topic_5_09_10_1,,,,
,,,,,,,
course_5,ch_5_10,les_5_10_01,topic_5_10_01_1,,,,
course_5,ch_5_10,les_5_10_02,topic_5_10_02_1,,,,
course_5,ch_5_10,les_5_10_03,topic_5_10_03_1,,,,
course_5,ch_5_10,les_5_10_04,topic_5_10_04_1,,,,
course_5,ch_5_10,les_5_10_05,topic_5_10_05_1,,,,
course_5,ch_5_10,les_5_10_06,topic_5_10_06_1,,,,
course_5,ch_5_10,les_5_10_07,topic_5_10_07_1,,,,
course_5,ch_5_10,les_5_10_08,topic_5_10_08_1,,,,
course_5,ch_5_10,les_5_10_09,topic_5_10_09_1,,,,
course_5,ch_5_10,les_5_10_10,topic_5_10_10_1,,,,
,,,,,,,
course_5,ch_5_11,les_5_11_01,topic_5_11_01_1,,,,
course_5,ch_5_11,les_5_11_02,topic_5_11_02_1,,,,
course_5,ch_5_11,les_5_11_03,topic_5_11_03_1,,,,
course_5,ch_5_11,les_5_11_04,topic_5_11_04_1,,,,
course_5,ch_5_11,les_5_11_05,topic_5_11_05_1,,,,
course_5,ch_5_11,les_5_11_06,topic_5_11_06_1,,,,
course_5,ch_5_11,les_5_11_07,topic_5_11_07_1,,,,
course_5,ch_5_11,les_5_11_08,topic_5_11_08_1,,,,
course_5,ch_5_11,les_5_11_09,topic_5_11_09_1,,,,
course_5,ch_5_11,les_5_11_10,topic_5_11_10_1,,,,
,,,,,,,
course_5,ch_5_12,les_5_12_01,topic_5_12_01_1,,,,
course_5,ch_5_12,les_5_12_02,topic_5_12_02_1,,,,
course_5,ch_5_12,les_5_12_03,topic_5_12_03_1,,,,
course_5,ch_5_12,les_5_12_04,topic_5_12_04_1,,,,
course_5,ch_5_12,les_5_12_05,topic_5_12_05_1,,,,
course_5,ch_5_12,les_5_12_06,topic_5_12_06_1,,,,
course_5,ch_5_12,les_5_12_07,topic_5_12_07_1,,,,
course_5,ch_5_12,les_5_12_08,topic_5_12_08_1,,,,
course_5,ch_5_12,les_5_12_09,topic_5_12_09_1,,,,
course_5,ch_5_12,les_5_12_10,topic_5_12_10_1,,,,
,,,,,,,
course_6,ch_6_01,les_6_01_01,topic_6_01_01_1,,,,
course_6,ch_6_01,les_6_01_02,topic_6_01_02_1,,,,
course_6,ch_6_01,les_6_01_03,topic_6_01_03_1,,,,
course_6,ch_6_01,les_6_01_04,topic_6_01_04_1,,,,
course_6,ch_6_01,les_6_01_05,topic_6_01_05_1,,,,
course_6,ch_6_01,les_6_01_06,topic_6_01_06_1,,,,
course_6,ch_6_01,les_6_01_07,topic_6_01_07_1,,,,
course_6,ch_6_01,les_6_01_08,topic_6_01_08_1,,,,
course_6,ch_6_01,les_6_01_09,topic_6_01_09_1,,,,
,,,,,,,
course_6,ch_6_02,les_6_02_01,topic_6_02_01_1,,,,
course_6,ch_6_02,les_6_02_02,topic_6_02_02_1,,,,
course_6,ch_6_02,les_6_02_03,topic_6_02_03_1,,,,
course_6,ch_6_02,les_6_02_04,topic_6_02_04_1,,,,
course_6,ch_6_02,les_6_02_05,topic_6_02_05_1,,,,
course_6,ch_6_02,les_6_02_06,topic_6_02_06_1,,,,
course_6,ch_6_02,les_6_02_07,topic_6_02_07_1,,,,
course_6,ch_6_02,les_6_02_08,topic_6_02_08_1,,,,
course_6,ch_6_02,les_6_02_09,topic_6_02_09_1,,,,
course_6,ch_6_02,les_6_02_10,topic_6_02_10_1,,,,
,,,,,,,
course_6,ch_6_03,les_6_03_01,topic_6_03_01_1,,,,
course_6,ch_6_03,les_6_03_02,topic_6_03_02_1,,,,
course_6,ch_6_03,les_6_03_03,topic_6_03_03_1,,,,
course_6,ch_6_03,les_6_03_04,topic_6_03_04_1,,,,
course_6,ch_6_03,les_6_03_05,topic_6_03_05_1,,,,
course_6,ch_6_03,les_6_03_06,topic_6_03_06_1,,,,
course_6,ch_6_03,les_6_03_07,topic_6_03_07_1,,,,
course_6,ch_6_03,les_6_03_08,topic_6_03_08_1,,,,
course_6,ch_6_03,les_6_03_09,topic_6_03_09_1,,,,
course_6,ch_6_03,les_6_03_10,topic_6_03_10_1,,,,
,,,,,,,
course_6,ch_6_04,les_6_04_01,topic_6_04_01_1,,,,
course_6,ch_6_04,les_6_04_02,topic_6_04_02_1,,,,
course_6,ch_6_04,les_6_04_03,topic_6_04_03_1,,,,
course_6,ch_6_04,les_6_04_04,topic_6_04_04_1,,,,
course_6,ch_6_04,les_6_04_05,topic_6_04_05_1,,,,
course_6,ch_6_04,les_6_04_06,topic_6_04_06_1,,,,
course_6,ch_6_04,les_6_04_07,topic_6_04_07_1,,,,
course_6,ch_6_04,les_6_04_08,topic_6_04_08_1,,,,
course_6,ch_6_04,les_6_04_09,topic_6_04_09_1,,,,
course_6,ch_6_04,les_6_04_10,topic_6_04_10_1,,,,
,,,,,,,
course_6,ch_6_05,les_6_05_01,topic_6_05_01_1,,,,
course_6,ch_6_05,les_6_05_02,topic_6_05_02_1,,,,
course_6,ch_6_05,les_6_05_03,topic_6_05_03_1,,,,
course_6,ch_6_05,les_6_05_04,topic_6_05_04_1,,,,
course_6,ch_6_05,les_6_05_05,topic_6_05_05_1,,,,
course_6,ch_6_05,les_6_05_06,topic_6_05_06_1,,,,
course_6,ch_6_05,les_6_05_07,topic_6_05_07_1,,,,
course_6,ch_6_05,les_6_05_08,topic_6_05_08_1,,,,
course_6,ch_6_05,les_6_05_09,topic_6_05_09_1,,,,
course_6,ch_6_05,les_6_05_10,topic_6_05_10_1,,,,
,,,,,,,
course_6,ch_6_06,les_6_06_01,topic_6_06_01_1,,,,
course_6,ch_6_06,les_6_06_02,topic_6_06_02_1,,,,
course_6,ch_6_06,les_6_06_03,topic_6_06_03_1,,,,
course_6,ch_6_06,les_6_06_04,topic_6_06_04_1,,,,
course_6,ch_6_06,les_6_06_05,topic_6_06_05_1,,,,
course_6,ch_6_06,les_6_06_06,topic_6_06_06_1,,,,
course_6,ch_6_06,les_6_06_07,topic_6_06_07_1,,,,
course_6,ch_6_06,les_6_06_08,topic_6_06_08_1,,,,
course_6,ch_6_06,les_6_06_09,topic_6_06_09_1,,,,
course_6,ch_6_06,les_6_06_10,topic_6_06_10_1,,,,
,,,,,,,
course_6,ch_6_07,les_6_07_01,topic_6_07_01_1,,,,
course_6,ch_6_07,les_6_07_02,topic_6_07_02_1,,,,
course_6,ch_6_07,les_6_07_03,topic_6_07_03_1,,,,
course_6,ch_6_07,les_6_07_04,topic_6_07_04_1,,,,
course_6,ch_6_07,les_6_07_05,topic_6_07_05_1,,,,
course_6,ch_6_07,les_6_07_06,topic_6_07_06_1,,,,
course_6,ch_6_07,les_6_07_07,topic_6_07_07_1,,,,
course_6,ch_6_07,les_6_07_08,topic_6_07_08_1,,,,
course_6,ch_6_07,les_6_07_09,topic_6_07_09_1,,,,
course_6,ch_6_07,les_6_07_10,topic_6_07_10_1,,,,
,,,,,,,
course_6,ch_6_08,les_6_08_01,topic_6_08_01_1,,,,
course_6,ch_6_08,les_6_08_02,topic_6_08_02_1,,,,
course_6,ch_6_08,les_6_08_03,topic_6_08_03_1,,,,
course_6,ch_6_08,les_6_08_04,topic_6_08_04_1,,,,
course_6,ch_6_08,les_6_08_05,topic_6_08_05_1,,,,
course_6,ch_6_08,les_6_08_06,topic_6_08_06_1,,,,
course_6,ch_6_08,les_6_08_07,topic_6_08_07_1,,,,
course_6,ch_6_08,les_6_08_08,topic_6_08_08_1,,,,
course_6,ch_6_08,les_6_08_09,topic_6_08_09_1,,,,
course_6,ch_6_08,les_6_08_10,topic_6_08_10_1,,,,
course_6,ch_6_09,les_6_09_01,topic_6_09_01_1,,,,
course_6,ch_6_09,les_6_09_02,topic_6_09_02_1,,,,
course_6,ch_6_09,les_6_09_03,topic_6_09_03_1,,,,
course_6,ch_6_09,les_6_09_04,topic_6_09_04_1,,,,
course_6,ch_6_09,les_6_09_05,topic_6_09_05_1,,,,
course_6,ch_6_09,les_6_09_06,topic_6_09_06_1,,,,
course_6,ch_6_09,les_6_09_07,topic_6_09_07_1,,,,
course_6,ch_6_09,les_6_09_08,topic_6_09_08_1,,,,
course_6,ch_6_09,les_6_09_09,topic_6_09_09_1,,,,
course_6,ch_6_09,les_6_09_10,topic_6_09_10_1,,,,
course_6,ch_6_10,les_6_10_01,topic_6_10_01_1,,,,
course_6,ch_6_10,les_6_10_02,topic_6_10_02_1,,,,
course_6,ch_6_10,les_6_10_03,topic_6_10_03_1,,,,
course_6,ch_6_10,les_6_10_04,topic_6_10_04_1,,,,
course_6,ch_6_10,les_6_10_05,topic_6_10_05_1,,,,
course_6,ch_6_10,les_6_10_06,topic_6_10_06_1,,,,
course_6,ch_6_10,les_6_10_07,topic_6_10_07_1,,,,
course_6,ch_6_10,les_6_10_08,topic_6_10_08_1,,,,
course_6,ch_6_10,les_6_10_09,topic_6_10_09_1,,,,
course_6,ch_6_10,les_6_10_10,topic_6_10_10_1,,,,
course_6,ch_6_11,les_6_11_01,topic_6_11_01_1,,,,
course_6,ch_6_11,les_6_11_02,topic_6_11_02_1,,,,
course_6,ch_6_11,les_6_11_03,topic_6_11_03_1,,,,
course_6,ch_6_11,les_6_11_04,topic_6_11_04_1,,,,
course_6,ch_6_11,les_6_11_05,topic_6_11_05_1,,,,
course_6,ch_6_11,les_6_11_06,topic_6_11_06_1,,,,
course_6,ch_6_11,les_6_11_07,topic_6_11_07_1,,,,
course_6,ch_6_11,les_6_11_08,topic_6_11_08_1,,,,
course_6,ch_6_11,les_6_11_09,topic_6_11_09_1,,,,
course_6,ch_6_11,les_6_11_10,topic_6_11_10_1,,,,
course_6,ch_6_12,les_6_12_01,topic_6_12_01_1,,,,
course_6,ch_6_12,les_6_12_02,topic_6_12_02_1,,,,
course_6,ch_6_12,les_6_12_03,topic_6_12_03_1,,,,
course_6,ch_6_12,les_6_12_04,topic_6_12_04_1,,,,
course_6,ch_6_12,les_6_12_05,topic_6_12_05_1,,,,
course_6,ch_6_12,les_6_12_06,topic_6_12_06_1,,,,
course_6,ch_6_12,les_6_12_07,topic_6_12_07_1,,,,
course_6,ch_6_12,les_6_12_08,topic_6_12_08_1,,,,
course_6,ch_6_12,les_6_12_09,topic_6_12_09_1,,,,
course_6,ch_6_12,les_6_12_10,topic_6_12_10_1,,,,
,,,,,,,
,,,,,,,
,,,,,,,
course_7,ch_7_01,les_7_01_01,topic_7_01_01_1,Source Documents,https://www.youtube.com/watch?v=KlE-3sIrI_k ,"These are the original records where study data is first captured—like hospital charts, lab reports, or patient diaries. They serve as the backbone for trial data verification.",1
course_7,ch_7_01,les_7_01_01,topic_7_01_01_2,What are Source Documents?,https://www.youtube.com/watch?v=bJ878_QMaXc,"They’re the “proof” that the study data is real and reliable. If it wasn’t written, it wasn’t done. Regulators and monitors rely on these documents to confirm authenticity.",2
course_7,ch_7_01,les_7_01_01,topic_7_01_01_3,Examples of Source Documents,https://www.youtube.com/watch?v=Z9rME1x_5DA,"Typical examples include medical records, hospital charts, laboratory test results, imaging reports, prescriptions, and even patient diaries. Anything that directly records subject data at the time of its creation counts as a source document.",3
course_7,ch_7_01,les_7_01_01,topic_7_01_01_4,What is a CRF/eCRF?,https://www.youtube.com/watch?v=y-m3bhhrpR0 ,"A Case Report Form (CRF) is the structured document where trial data from source documents is transcribed. When used in digital format, it becomes an electronic CRF (eCRF), usually within an electronic data capture (EDC) system, making monitoring, auditing, and data cleaning much more efficient.",4
course_7,ch_7_01,les_7_01_01,topic_7_01_01_5,Key Principles,https://www.youtube.com/watch?v=SuW_yNFJP2E ,"The integrity of documentation is built on the ALCOA+ principles: data must be attributable, legible, contemporaneous, original, and accurate, while also being complete, consistent, enduring, and available whenever required. These principles guide how clinical trial data is created and maintained.",5
course_7,ch_7_01,les_7_01_01,topic_7_01_01_6,Real Role of CRC/CRA in Documentation,https://www.youtube.com/watch?v=9ZoUF0ud0Qs ,"The Clinical Research Coordinator (CRC) ensures that all trial data is accurately captured from source documents into the CRF, while also maintaining study files. The Clinical Research Associate (CRA), on the other hand, monitors the site, checks CRFs against source data, and ensures that Good Clinical Practice (GCP) standards are consistently followed.",6
course_7,ch_7_01,les_7_01_01,topic_7_01_01_7,Handling Corrections & Errors,https://www.youtube.com/watch?v=gMo6O1Sisek ,"Errors in documentation should never be erased or hidden. Instead, the correct approach is to draw a single line through the incorrect entry, record the correction nearby, and include initials, date, and reason if necessary. In an eCRF, the audit trail system automatically tracks changes, ensuring full transparency.",7
course_7,ch_7_01,les_7_01_01,topic_7_01_01_8,Common Mistakes to Avoid,https://www.youtube.com/watch?v=LixrLMLmDVg ,"Frequent errors include late or backdated entries, missing investigator signatures, transcription mistakes when transferring data from source to CRF, and inconsistencies between different documents. These mistakes can compromise data integrity and delay regulatory approvals.",8
